epoch,loss_pi,loss_vf,returns,fireworks,scores,lives,epi_length,num_epis,batch_size,illegal_moves,epsilon,entropy,avg_probs,avg_value,avg_target,clip_frac
230600,-0.006619954383989543,26.04667059580485,82.26730462761232,16.866598079561044,16.052292624868876,1.6009339949971761,65.52476700556767,16.061728395061728,1040.1728395061727,12.358024691358025,0.0,0.057685185591747734,"[0.12143672 0.14164598 0.01973412 0.0161671  0.0476521  0.08717667
 0.07541835 0.01046745 0.01900782 0.08723696 0.37405673]",26.435447692871094,27.70010757446289,0.020889864291673825
230700,-0.006382966740056872,22.94078112602234,84.20544144796378,17.02332051282051,16.573173453996983,1.6280444947209654,65.14687160633484,16.05,1043.07,10.01,0.0,0.05759905498474836,"[0.612567   0.06211645 0.01078679 0.00640813 0.01744725 0.04548089
 0.03394907 0.0027933  0.00782107 0.03906003 0.16156991]",39.55010223388672,25.59465980529785,0.020121228941716255
230800,-0.006916843666695058,19.267742624282835,85.09602720588232,17.029558823529413,16.65823529411765,1.755,64.40908088235294,16.13,1038.57,0.02,0.0,0.06576574094593525,"[0.1143892  0.13634638 0.01608198 0.02828432 0.0434118  0.08587024
 0.08137322 0.01108954 0.01670115 0.09067888 0.3757733 ]",30.587289810180664,29.86128807067871,0.021285062450915576
230900,-0.006156723297608551,27.9066180229187,78.17787499999997,16.758521241830067,15.881646241830065,1.44906045751634,68.26164624183006,16.08,1030.55,10.03,0.0,0.05974353304132819,"[0.13156407 0.13575797 0.01943075 0.00666559 0.0374934  0.09740209
 0.09345773 0.01427166 0.01328245 0.09228023 0.3583941 ]",29.085908889770508,29.885528564453125,0.019160197487217374
231000,-0.007328212698921561,20.988945569992065,84.30994979946519,16.940541443850265,16.58328542780749,1.6282018716577542,63.971687834224596,16.18,1032.87,3.74,0.0,0.06784719940274954,"[0.116836   0.14139178 0.02252402 0.02405683 0.04004681 0.08302139
 0.08089969 0.01508815 0.01551449 0.08934925 0.37127158]",29.394943237304688,29.157161712646484,0.02375010719522834
231100,-0.006987080023391172,23.675210227966307,83.45869978183576,16.958278118939884,16.769748707175175,1.8031775210084036,65.61023674854557,16.1,1052.25,20.03,0.0,0.0696650768071413,"[0.11401144 0.15190527 0.02576977 0.02793556 0.03159269 0.08717429
 0.08614009 0.00968026 0.01548727 0.0899545  0.36034888]",28.678529739379883,29.774822235107422,0.02084355871658772
231200,-0.007197120343043935,23.40943042755127,79.70288137254897,16.927344771241827,16.647724673202614,1.744187091503268,68.6879616013072,16.03,1034.51,10.01,0.0,0.07881728977896273,"[0.10542299 0.11704354 0.02397713 0.0252154  0.07188908 0.0846355
 0.07758366 0.01907022 0.01100706 0.09890841 0.365247  ]",30.906784057617188,29.819364547729492,0.021612065387889744
231300,-0.006893098000437021,29.73290744781494,78.49327350857342,16.882068051917123,16.432065223862825,1.6907274053346035,69.23484698737795,16.07,1043.16,20.52,0.0,0.0670660649985075,"[0.0948949  0.12575077 0.02629785 0.02827075 0.06715588 0.09367133
 0.07898527 0.0058369  0.01934981 0.0857445  0.37404206]",29.361093521118164,29.70362663269043,0.019959876239299776
231400,-0.0067589169624261555,26.89173810005188,82.5894651960784,16.92762663398693,16.238353758169932,1.511200980392157,64.9194362745098,16.17,1032.72,10.05,0.0,0.06619567660614849,"[0.11736475 0.13267922 0.03529368 0.02471321 0.03672829 0.08418292
 0.08085304 0.01567444 0.01488099 0.09476773 0.36286172]",30.088293075561523,30.02267074584961,0.021601904090493916
231500,-0.006535559422336519,24.71444571495056,83.70640362745094,16.987671568627448,16.703995098039215,1.7333455882352942,65.15607598039216,16.17,1052.31,20.02,0.0,0.06664808480069041,"[0.556237   0.07802486 0.00978092 0.00613321 0.02657351 0.0378576
 0.0425913  0.00758332 0.00556117 0.05127993 0.17837724]",34.99592971801758,23.208507537841797,0.02069276517955586
231600,-0.006747731673531234,21.481484518051147,83.53531509803919,17.100453431372546,16.824387254901964,1.7492426470588236,66.53483333333334,15.96,1040.88,10.44,0.0,0.0655799051374197,"[0.11571881 0.14128712 0.02145236 0.02331766 0.04104185 0.09089673
 0.08683806 0.01152402 0.01347517 0.0886313  0.36581698]",29.470321655273438,30.183115005493164,0.02038463848643005
231700,-0.0066461340361274775,17.539787111282347,85.17626249999995,17.024191176470588,16.775367647058825,1.723125,64.55378676470589,16.09,1038.4,0.03,0.0,0.06552965722978116,"[0.1194663  0.15696512 0.03360081 0.0122524  0.02248931 0.09454382
 0.07799362 0.01036967 0.01541482 0.08929893 0.3676052 ]",30.16132926940918,29.967159271240234,0.021279115891084076
231800,-0.006408081927802413,23.195070991516115,83.901035620915,16.928549836601306,16.38660130718954,1.6274836601307188,64.33379901960784,16.14,1034.19,4.52,0.0,0.06385487861931324,"[0.10565247 0.11288814 0.03364041 0.02829951 0.08110537 0.08392908
 0.07715792 0.01457429 0.01163942 0.08921994 0.36189342]",29.05853271484375,28.506000518798828,0.019890427039936185
231900,-0.00664057246176526,17.687156438827515,85.15765906862742,17.019776960784313,16.732203431372547,1.82219362745098,64.7435024509804,16.05,1038.91,0.02,0.0,0.0620735751837492,"[0.11266469 0.13318133 0.02547152 0.01574579 0.06884388 0.07679028
 0.07473035 0.01139889 0.01329427 0.08836648 0.3795125 ]",31.082700729370117,30.623645782470703,0.02036520093679428
232000,-0.006285396735183895,16.634709424972534,85.63533671568625,17.11361029411765,16.83644117647059,1.8468970588235294,65.16675490196079,16.04,1045.03,0.0,0.0,0.061837762445211414,"[0.11010322 0.13006496 0.03084358 0.02294774 0.05944265 0.07849064
 0.07546951 0.01229931 0.01325594 0.0890068  0.37807563]",29.96975326538086,30.184038162231445,0.020070515223778784
232100,-0.0060683354386128485,17.362732543945313,85.68636838235292,17.148750000000003,16.75393382352941,1.7306617647058824,64.9021323529412,16.09,1044.01,0.02,0.0,0.05817882351577282,"[0.10405295 0.14199576 0.02761331 0.01047721 0.0466822  0.09019995
 0.09564394 0.01060247 0.01034645 0.09742543 0.36496034]",30.316619873046875,30.145008087158203,0.019133215053007007
232200,-0.00665876436047256,17.411635293960572,85.84924044117646,17.17235294117647,16.827022058823527,1.7426470588235292,64.65088235294117,16.06,1038.12,0.04,0.0,0.06743388589471579,"[0.11255877 0.14489682 0.03380324 0.00979931 0.04980965 0.07382196
 0.07787827 0.01254914 0.01729604 0.09700169 0.37058508]",30.267541885375977,30.076416015625,0.02042077339719981
232300,-0.00616828246274963,16.673758263587953,86.11179444444439,17.21013888888889,16.929101307189544,1.8066217320261437,64.44077205882353,16.05,1034.07,0.04,0.0,0.06095246132463217,"[0.09927807 0.1344514  0.03828218 0.01542073 0.06648975 0.07823915
 0.07754781 0.00857157 0.0177405  0.09253228 0.37144652]",29.840356826782227,29.534440994262695,0.01939933921210468
232400,-0.006494040761608631,19.202328071594238,85.23869991830061,17.08142565359477,16.610959967320262,1.6677900326797388,64.05960784313726,16.2,1037.19,0.7,0.0,0.059766664355993274,"[0.11109829 0.15091823 0.03511886 0.01323742 0.04412071 0.08243172
 0.06991696 0.01640882 0.0135354  0.09073484 0.37247872]",30.958250045776367,29.836963653564453,0.020140430224128068
232500,-0.006802473263815045,20.496641950607298,84.82041928104573,16.976974673202616,16.59627614379085,1.7076151960784314,64.55427941176471,16.13,1040.59,0.01,0.0,0.0657085046544671,"[0.12106932 0.12459709 0.02660334 0.00983088 0.05118579 0.08376936
 0.08778305 0.01292115 0.01858476 0.09176166 0.3718936 ]",29.606571197509766,29.804189682006836,0.0214518207218498
232600,-0.006643343681935221,18.927377071380615,84.97345686274507,17.02347794117647,16.574144607843138,1.7247622549019608,64.95187254901961,16.0,1039.04,0.08,0.0,0.06378553312271834,"[0.11199947 0.13706739 0.02795826 0.01653183 0.04633991 0.09455427
 0.07786953 0.01074163 0.02019439 0.08397039 0.37277293]",28.909976959228516,28.97460174560547,0.02055677376687527
232700,-0.006091154660098254,21.529255895614625,84.38913176470585,17.09889705882353,16.783290032679737,1.766080065359477,65.40254820261438,16.09,1044.28,10.35,0.0,0.062462241742759946,"[0.11368707 0.15175888 0.03096272 0.01234962 0.04696726 0.08002038
 0.07397998 0.01706601 0.01802608 0.08064543 0.37453657]",29.089475631713867,28.83780860900879,0.019365433948114515
232800,-0.006098106063436717,22.781036891937255,79.97633104575159,16.96938316993464,16.76220996732026,1.8411560457516338,69.19412581699346,15.98,1039.5,10.06,0.0,0.05736987472744658,"[0.11859944 0.14714812 0.01542377 0.02783182 0.03928139 0.09403832
 0.0808569  0.01611429 0.01439865 0.08164944 0.36465785]",29.342748641967773,30.091625213623047,0.018868218829156833
232900,-0.005943280297797174,18.096182231903075,85.85931102941173,17.154227941176472,16.914191176470588,1.759889705882353,64.68033088235295,16.1,1041.1,0.02,0.0,0.05627016417682171,"[0.11008018 0.14071088 0.01197714 0.02471482 0.0587903  0.08482447
 0.07988019 0.01182316 0.01312327 0.09193286 0.37214273]",30.319049835205078,30.49565887451172,0.018429156178608536
233000,-0.005987838467117399,16.95652271270752,85.31883083333327,17.067669117647057,16.732264705882354,1.7279803921568628,64.77110294117647,16.06,1039.96,0.07,0.0,0.05450952503830195,"[0.11975297 0.14780286 0.01691352 0.00972958 0.04573033 0.07852034
 0.0796055  0.01250435 0.01813597 0.09255705 0.37874755]",31.40790557861328,31.30127716064453,0.018998276237398387
233100,-0.006114377563353628,15.165068397521972,86.06673813725487,17.177892156862743,17.012561274509803,1.8538823529411763,65.01826715686275,16.04,1042.72,0.0,0.0,0.05494068894535303,"[0.11428088 0.12640302 0.01584363 0.00976543 0.08767956 0.08500004
 0.077374   0.01058989 0.01635629 0.08751651 0.36919075]",31.910253524780273,31.37384033203125,0.019489194275811316
233200,-0.00695698379073292,20.72308856010437,84.3868535597572,17.021725957049487,16.72014017273576,1.8130798319327732,65.03795856676004,16.09,1044.64,10.45,0.0,0.05319585207849741,"[0.09981297 0.12455103 0.01761704 0.01696601 0.08657234 0.08065701
 0.08455682 0.00856186 0.01538704 0.09528456 0.37003332]",29.337242126464844,30.10800552368164,0.02451902588829398
233300,-0.005797650225576945,17.950512981414796,84.93053957516335,16.980653594771244,16.731687091503268,1.8303480392156866,64.50428921568627,16.14,1040.56,0.46,0.0,0.05225315660238266,"[0.11225479 0.12032259 0.02778001 0.00930818 0.0644397  0.09215424
 0.08208567 0.01722556 0.01818139 0.10134841 0.35489947]",29.202842712402344,29.920093536376953,0.01794700144790113
233400,-0.0060466346680186685,20.38797420501709,84.90382434640516,16.993982843137257,16.61299836601307,1.7106944444444445,63.975232843137256,16.19,1035.23,0.05,0.0,0.05552636370062828,"[0.11643469 0.12494692 0.02707326 0.01336992 0.05998224 0.0943398
 0.07636319 0.0067703  0.01836417 0.09477957 0.36757597]",30.06838607788086,30.474651336669922,0.019027654584497213
233500,-0.006952686598524451,19.10466103553772,85.17902426470586,17.051801470588234,16.655882352941177,1.72875,64.37077205882353,16.12,1037.35,0.0,0.0,0.06956934090703726,"[0.09570676 0.13345157 0.03266878 0.03190998 0.0507194  0.08710678
 0.07719237 0.00996105 0.02002409 0.084865   0.3763942 ]",28.87371253967285,29.086666107177734,0.02159273765049875
233600,-0.006881133010610938,19.48718765258789,84.42691985294114,16.959011437908497,16.300661764705882,1.6072589869281046,64.55338235294117,16.09,1038.35,0.0,0.0,0.06853850908577443,"[0.0992456  0.13636632 0.01615593 0.02539507 0.05485196 0.08977116
 0.09272199 0.01667771 0.01782455 0.08349997 0.36748976]",26.794647216796875,26.887449264526367,0.021941071040928364
233700,-0.005856020906940103,20.593094177246094,84.42769558823525,16.96297794117647,16.29047794117647,1.6285661764705883,64.44783088235293,16.12,1038.53,0.05,0.0,0.06077898990362882,"[0.11589731 0.13884287 0.02022768 0.01199426 0.06799518 0.08008439
 0.07978185 0.00958781 0.01236931 0.08944646 0.37377286]",29.504770278930664,29.200712203979492,0.017809210633859037
233800,-0.00534298081533052,18.78677946090698,85.43901789215687,17.102198529411766,16.72256617647059,1.6833823529411764,64.64997549019607,16.08,1039.23,0.22,0.0,0.05191959835588932,"[0.11425564 0.12514664 0.01821141 0.02889562 0.06431293 0.08136559
 0.0759099  0.01133177 0.01605293 0.08499099 0.3795266 ]",30.348827362060547,30.194049835205078,0.016358542935922742
233900,-0.005577273385133594,19.32265884399414,84.74932867647054,17.035220588235294,16.329963235294116,1.566176470588235,64.72022058823529,16.05,1038.6,0.01,0.0,0.05166971303522587,"[0.09887713 0.16493249 0.02423619 0.00783472 0.04118322 0.09971262
 0.0914221  0.00704099 0.01581028 0.0830755  0.36587477]",27.940309524536133,28.59563636779785,0.017830311506986617
234000,-0.005859879453200847,15.484822311401366,85.88011995098037,17.147477941176472,16.94420588235294,1.8703799019607845,65.15360784313725,16.03,1044.22,0.04,0.0,0.05644416678696871,"[0.10059071 0.13551357 0.02311385 0.01990909 0.06439629 0.09120663
 0.07424578 0.00633604 0.02099038 0.09392153 0.36977616]",30.14992332458496,30.57183265686035,0.01809834181331098
234100,-0.005869001494720578,16.0965576171875,85.2494357352941,17.05695343137255,16.704075980392158,1.8333455882352943,65.51604411764706,15.97,1046.19,0.03,0.0,0.0579194651171565,"[0.11329512 0.12838787 0.0233143  0.02714992 0.05239521 0.07354179
 0.0763207  0.00815859 0.01088078 0.09531292 0.3912428 ]",30.863821029663086,30.871538162231445,0.018227364942431448
234200,-0.005954211479984223,19.696609239578247,83.23500489010985,17.08183379120879,16.870542124542126,1.8639418498168496,67.93996108058607,15.76,1049.24,13.43,0.0,0.0583088846411556,"[0.11046232 0.14446662 0.01769415 0.01871406 0.05647235 0.08219492
 0.07645033 0.01328649 0.01421688 0.08945007 0.37659183]",26.365398406982422,27.353727340698242,0.018605809113942086
234300,-0.00674223751295358,16.249477834701537,85.41655534313722,17.067868697478993,16.91610399159664,1.9696589635854342,65.71314355742297,15.91,1045.19,1.29,0.0,0.06272181287407876,"[0.11318327 0.1358299  0.0182271  0.04090846 0.03474433 0.07774827
 0.07212102 0.00502377 0.02099759 0.09298079 0.38823548]",29.854957580566406,30.082780838012695,0.0200129702873528
234400,-0.006835969106759876,16.196162586212157,85.50619495098036,17.08780392156863,16.889642156862745,1.9217352941176469,65.86102205882354,15.91,1047.6,0.75,0.0,0.0667080857977271,"[0.10814427 0.14570497 0.01548426 0.02465672 0.0471927  0.082784
 0.07339264 0.0105739  0.01607075 0.08278788 0.39320788]",30.158193588256836,29.52947235107422,0.020892304815351963
234500,-0.006157663837075234,17.25823492050171,85.61698009803918,17.133870098039214,16.76048774509804,1.7003382352941179,65.6596838235294,15.84,1039.76,0.0,0.0,0.056627617217600346,"[0.10515019 0.13170941 0.02404829 0.01552477 0.07121241 0.08021986
 0.07578065 0.01220164 0.01329553 0.09026618 0.38059112]",30.21639060974121,29.983407974243164,0.01840818043332547
234600,-0.006148686066735536,19.086018805503844,85.32756799019604,17.057215686274507,16.777132352941177,1.7868014705882354,65.11502696078432,15.98,1040.03,0.04,0.0,0.06000316105782986,"[0.10687015 0.11927829 0.01598181 0.04240407 0.06558838 0.07815299
 0.07059205 0.00773418 0.020858   0.0898305  0.3827096 ]",30.764141082763672,29.106962203979492,0.017362035606056453
234700,-0.005778079412411898,18.636219749450685,84.76875416666662,16.955370098039214,16.64577450980392,1.7614975490196079,64.86729411764706,16.08,1042.66,0.21,0.0,0.056881738305091856,"[0.11455786 0.1331583  0.01037772 0.03200787 0.0642435  0.08805209
 0.06635304 0.01271874 0.01522192 0.08167981 0.38162917]",29.62774658203125,29.600439071655273,0.01782212038524449
234800,-0.006093926336616278,17.301453790664674,84.93759771241825,16.980984477124185,16.73057679738562,1.8499607843137256,65.48272549019607,15.98,1046.03,0.31,0.0,0.060292311273515226,"[0.12245357 0.09352562 0.01896824 0.04339096 0.06778246 0.0769785
 0.07122084 0.01465223 0.01605142 0.08781865 0.38715756]",31.030881881713867,29.735652923583984,0.018028984074480833
234900,-0.006707300285343081,17.589316425323485,82.17354303921569,17.139090686274514,16.91387009803922,1.8771053921568626,69.23651470588234,15.7,1043.78,12.43,0.0,0.058378161303699015,"[0.10549717 0.13707502 0.02620667 0.0243987  0.04547383 0.0883294
 0.08182146 0.01103831 0.01849176 0.08594539 0.3757223 ]",28.394176483154297,28.96605110168457,0.02064140931237489
235000,-0.00602720940252766,16.869490723609925,85.432722745098,17.074210784313724,16.845240196078432,1.8154460784313726,65.11883578431372,16.0,1041.57,0.19,0.0,0.05781860776245594,"[0.09933595 0.12908062 0.01585914 0.0424789  0.05964722 0.07853905
 0.07823449 0.00587619 0.01915396 0.09480729 0.3769872 ]",30.430208206176758,29.79830551147461,0.018319729515351355
235100,-0.0070895633823238316,25.832560749053954,81.59132615546216,16.872641806722687,16.439868697478992,1.8246428571428572,67.01020483193278,15.98,1041.58,11.88,0.0,0.061138890255242585,"[0.10762244 0.11208765 0.00817511 0.04204039 0.07543699 0.07090431
 0.07565272 0.01210364 0.01797481 0.10312174 0.3748802 ]",30.424148559570312,29.845325469970703,0.0207684634719044
235200,-0.006292412718757987,20.25978355407715,84.83284117647055,16.96860294117647,16.645,1.7834926470588235,64.63261029411765,16.04,1036.53,0.06,0.0,0.0608262088894844,"[0.12266564 0.14185774 0.00691408 0.02780557 0.05003759 0.08804391
 0.0679882  0.01048989 0.01457656 0.0966787  0.37294212]",31.364439010620117,30.593061447143555,0.019796420093625783
235300,-0.006527652370277792,18.7561278629303,85.10455436274506,16.99946568627451,16.778950980392157,1.8691789215686274,64.86523039215686,16.06,1041.46,0.02,0.0,0.06337010633200407,"[0.09985772 0.14528078 0.00754865 0.04790037 0.04434944 0.08575027
 0.07178498 0.00678966 0.01354618 0.10037462 0.37681732]",30.080821990966797,29.955751419067383,0.020103068351745607
235400,-0.006735592531040311,14.937286729812621,85.70568004901958,17.08446323529412,17.029683823529414,2.0778529411764706,65.72944607843138,15.93,1046.94,0.08,0.0,0.06940226063132286,"[0.10638164 0.11657802 0.0130829  0.04044566 0.08477463 0.06975552
 0.06408938 0.00996816 0.01095856 0.09742721 0.38653833]",31.796281814575195,30.548105239868164,0.01960053031332791
235500,-0.0064989749854430555,19.23666054725647,84.91624411764703,17.01823529411765,16.51172794117647,1.7590073529411763,64.64430147058823,16.06,1038.0,0.04,0.0,0.06296111010015011,"[0.11088823 0.15423174 0.00985763 0.02523327 0.0486491  0.08496527
 0.07765491 0.01047547 0.01633001 0.0948625  0.3668519 ]",29.19734764099121,29.6289119720459,0.02031017464585602
235600,-0.006640965479891747,17.56708053588867,85.14096161764701,17.014806372549018,16.76260049019608,1.9201053921568627,64.86992156862745,16.05,1040.94,0.25,0.0,0.06423615124076605,"[0.12300618 0.15329367 0.01039736 0.01301167 0.04693363 0.08539102
 0.07834313 0.00668545 0.01236888 0.09228282 0.3782862 ]",28.729169845581055,29.641437530517578,0.019238607208244503
235700,-0.006265401195269078,18.253087167739867,85.3684889705882,17.06183823529412,16.789448529411764,1.871654411764706,64.97621323529411,16.05,1042.74,0.02,0.0,0.0632021952047944,"[0.12239841 0.14841412 0.00804696 0.0139624  0.05493887 0.08849089
 0.07568369 0.00461938 0.01504593 0.08975376 0.3786456 ]",28.583251953125,28.50396728515625,0.01834026575088501
235800,-0.006425080141052603,18.340982913970947,85.47362573529406,17.08452205882353,16.790294117647058,1.8159558823529411,64.83382352941176,16.09,1042.87,0.0,0.0,0.0645649817213416,"[0.10902321 0.14417078 0.02076838 0.01289398 0.07198095 0.07831424
 0.07637008 0.00938867 0.01132426 0.08518403 0.3805814 ]",31.075851440429688,30.29487419128418,0.018758666166104377
235900,-0.005998872579075396,20.228268156051637,84.96332470588233,17.037519607843137,16.499100490196078,1.6853259803921565,64.5619093137255,16.09,1038.4,0.05,0.0,0.06302983343601226,"[0.10807578 0.13344319 0.01894419 0.01730157 0.05174338 0.09218907
 0.08430213 0.01095358 0.01890472 0.09378018 0.3703622 ]",28.638139724731445,29.063268661499023,0.01840831933543086
236000,-0.00599511404754594,19.957772397994994,84.67849852941174,17.04125,16.218198529411765,1.5702573529411763,64.53029411764706,16.15,1041.71,0.09,0.0,0.05816440481692552,"[0.10856504 0.12990557 0.02866939 0.02158005 0.04707097 0.08557342
 0.0803439  0.01087007 0.01605868 0.09622638 0.37513655]",27.946687698364258,28.06880760192871,0.018550861794501543
236100,-0.006174313668161631,18.594528913497925,85.17059769607836,17.11350245098039,16.430524509803924,1.646487745098039,65.07725735294117,16.03,1042.89,0.11,0.0,0.06133817408233881,"[0.10890001 0.14698961 0.0255836  0.0282574  0.03351336 0.09624361
 0.07588881 0.01336255 0.0123984  0.08596445 0.37289816]",28.418352127075195,29.047386169433594,0.019970535296015442
236200,-0.006172090501058847,15.017726154327393,86.475187745098,17.27714950980392,17.055678921568628,1.900156862745098,65.21097794117647,16.03,1045.16,0.66,0.0,0.060073017925024036,"[0.10727949 0.14784327 0.0147885  0.03058861 0.05021343 0.08589828
 0.07468451 0.00859543 0.01342833 0.09173776 0.37494236]",29.81613540649414,29.93654441833496,0.01906926560215652
236300,-0.005656200109515339,33.59296052932739,79.91546747481443,16.960475754336823,15.854956017494716,1.5325562619784758,67.30299528232345,16.07,1046.44,30.03,0.0,0.056605702759698034,"[0.1131928  0.14247423 0.00666515 0.01976836 0.03817512 0.10664853
 0.09366124 0.01435378 0.01691847 0.09654349 0.35159883]",24.825977325439453,25.2252254486084,0.016733859116211534
236400,-0.006684573455713689,27.69815158843994,83.046236404983,16.87713615533933,15.987950495110324,1.5198976546759053,64.30483378790113,16.2,1039.21,10.47,0.0,0.055994603112339975,"[0.11278365 0.14772567 0.0092322  0.02055784 0.04381733 0.09075169
 0.08126517 0.00481513 0.01617512 0.09465879 0.3782174 ]",29.24815559387207,29.72443962097168,0.020037862167228013
236500,-0.00645202764775604,15.525363492965699,85.61344485294111,17.096875,16.89466911764706,1.8550367647058823,64.9698161764706,16.03,1041.35,0.03,0.0,0.06610396690666676,"[0.09754213 0.13333814 0.0090831  0.05044806 0.05498074 0.08647202
 0.07965633 0.00897118 0.01913856 0.08562209 0.37474766]",29.427213668823242,29.325305938720703,0.019987262124195694
236600,-0.006601468785665929,19.8402352142334,84.32150243464048,17.041263071895422,16.827872549019606,1.8661446078431374,65.58716258169935,16.0,1043.44,10.01,0.0,0.06597668759524822,"[0.09755012 0.14945576 0.013082   0.04619161 0.04572071 0.08903927
 0.07774667 0.01054506 0.0113658  0.08863417 0.37066886]",30.577238082885742,30.555095672607422,0.01993275336921215
236700,-0.006330508217215538,28.752482719421387,82.36464564413481,16.640343137254902,15.535274337805298,1.505746044031648,62.54094147746818,16.55,1033.43,0.0,0.0,0.05962580233812332,"[0.11257606 0.16365018 0.01523402 0.02417751 0.02541277 0.09053838
 0.07964423 0.01531889 0.01327015 0.09758817 0.36258966]",27.069185256958008,27.461767196655273,0.01804319373331964
236800,-0.006484753656841349,24.314129362106325,83.43887686188508,16.810009029927762,15.907542569659443,1.5684259975920194,63.44567423460612,16.31,1033.93,0.04,0.0,0.06360814284533262,"[0.10536156 0.1488848  0.02156279 0.03596733 0.03726838 0.0944484
 0.07852141 0.00862115 0.01149426 0.08568944 0.37218046]",30.907489776611328,30.737548828125,0.01969154321588576
236900,-0.0064678992133121935,18.053405418395997,85.9029389705882,17.15926470588235,16.924044117647057,1.7930882352941178,64.38330882352942,16.08,1035.03,0.01,0.0,0.06501473858952522,"[0.09245618 0.15892829 0.01611773 0.03380405 0.04708976 0.07524288
 0.08510081 0.00671786 0.01535521 0.09982505 0.3693622 ]",30.813310623168945,30.82377052307129,0.019497050167992712
237000,-0.0061472855694592,18.306862421035767,84.76203602941172,17.03922794117647,16.300036764705883,1.6965441176470588,64.3954044117647,16.12,1037.74,0.02,0.0,0.0649713521078229,"[0.11211316 0.16239733 0.03297218 0.01302757 0.03730963 0.07912173
 0.07645991 0.00985324 0.01145067 0.09200732 0.3732873 ]",29.958467483520508,29.64942741394043,0.018785843257792294
237100,-0.005862118399236351,19.010978441238404,84.52473161764703,17.00286764705882,16.23952205882353,1.666139705882353,64.58367647058823,16.08,1038.31,0.17,0.0,0.06007891498506069,"[0.0953681  0.13888852 0.03646885 0.01340619 0.06346171 0.0754696
 0.07978334 0.00837327 0.01698208 0.0935308  0.3782675 ]",30.22132682800293,30.535707473754883,0.01761053655296564
237200,-0.00653653061715886,19.067992191314698,85.72351058823524,17.260651960784315,17.016019607843138,1.813686274509804,65.98722549019608,16.0,1054.89,10.04,0.0,0.06548805430531501,"[0.10184021 0.1394381  0.02315754 0.01786127 0.04442018 0.09935579
 0.08456727 0.00887147 0.02365655 0.08461744 0.3722142 ]",29.971805572509766,30.214094161987305,0.019703901717439295
237300,-0.00582165370695293,20.90757342338562,84.86279151583707,17.14519230769231,16.71989819004525,1.6536170814479638,65.48197963800905,16.04,1047.93,10.07,0.0,0.05800145544111729,"[0.11661446 0.15871598 0.01327787 0.00749859 0.04690512 0.09932695
 0.08123799 0.00817075 0.01437007 0.085237   0.36864522]",29.34174156188965,29.939048767089844,0.01761620952747762
237400,-0.005564471241086721,16.68360652923584,85.83002761437906,17.179468954248364,16.787005718954248,1.813218954248366,65.02178921568627,16.07,1044.58,0.2,0.0,0.04923330873250961,"[0.12512366 0.14833173 0.01525621 0.00166533 0.05393502 0.10143682
 0.07942522 0.015156   0.0170179  0.07922779 0.36342433]",29.632368087768555,29.098390579223633,0.01754876953549683
237500,-0.007398680723272264,21.121128931045533,84.10055106951867,17.041104500891265,16.525126559714796,1.767971256684492,65.88792669340464,15.92,1044.51,10.08,0.0,0.06268450327217578,"[0.11110968 0.1551008  0.00786796 0.01962248 0.04972367 0.07911409
 0.07332031 0.00620517 0.01887689 0.09667931 0.38237962]",29.963899612426758,29.986024856567383,0.026611353484913707
237600,-0.0065347133227624,15.577217836380004,86.07301892156858,17.203553921568627,16.913995098039216,1.8345759803921569,65.31438970588235,16.01,1045.45,0.0,0.0,0.06682074811309575,"[0.11562005 0.1375311  0.01684421 0.00686496 0.06535632 0.09029043
 0.08038083 0.00608634 0.01628762 0.09281716 0.371921  ]",30.535507202148438,30.634130477905273,0.020252038314938544
237700,-0.006223102190997452,15.964582262039185,86.40600426470584,17.277303921568627,16.95925245098039,1.7537573529411765,65.218625,15.97,1041.41,0.19,0.0,0.059004669301211836,"[0.11573383 0.15402423 0.01243457 0.01482417 0.05011758 0.0875201
 0.07275126 0.01026824 0.01238104 0.09149701 0.37844795]",29.28133201599121,29.565793991088867,0.018985495041124522
237800,-0.006655574110336602,15.92955717086792,86.28521838235291,17.247536764705885,16.940808823529412,1.7848161764705883,64.98893382352941,16.04,1042.29,0.0,0.0,0.06399472735822201,"[0.11049566 0.13424264 0.00795544 0.02228761 0.07131554 0.079976
 0.07823671 0.00757741 0.01932297 0.09496579 0.3736242 ]",30.854087829589844,30.558597564697266,0.021734285387210547
237900,-0.005979891929309815,14.352516269683838,86.32994769607838,17.24107107843137,17.017725490196078,1.9486617647058821,65.79310784313726,15.88,1044.57,0.0,0.0,0.05522771179676056,"[0.1032913  0.1700013  0.01091965 0.01139494 0.04250516 0.09393179
 0.08454049 0.00956047 0.01539132 0.08814933 0.3703142 ]",28.455642700195312,29.498403549194336,0.018656666474416852
238000,-0.006846753431018442,14.870227146148682,83.72882535714284,17.107910714285712,16.982160714285715,2.03125,68.13945238095238,15.68,1057.35,20.07,0.0,0.0640230206772685,"[0.1040262  0.14358982 0.03104693 0.02212557 0.04721296 0.0775741
 0.07608145 0.01050336 0.01910421 0.08828697 0.38044843]",30.096515655517578,29.421857833862305,0.021106005026958884
238100,-0.006763686158228666,15.13307864189148,86.35768019607838,17.234132352941177,17.079269607843138,1.9373970588235294,65.73895588235295,15.81,1038.96,0.01,0.0,0.0641481714323163,"[0.08544029 0.12812345 0.02821529 0.02329288 0.08010087 0.0825182
 0.07444666 0.00308512 0.01882965 0.09499002 0.38095757]",30.509868621826172,30.589162826538086,0.020470450171269475
238200,-0.007009166690986604,15.993357667922973,85.51934999999995,17.095666666666666,16.836291666666668,1.8014583333333332,65.40095833333334,15.97,1044.41,0.02,0.0,0.0709254079312086,"[0.0950215  0.14300293 0.01863786 0.02123996 0.05723333 0.09331686
 0.0786612  0.01150831 0.01230301 0.08632462 0.38275042]",30.00027847290039,29.87847137451172,0.021395835978910326
238300,-0.006508497956674546,15.290158462524413,86.59533107843134,17.286789215686273,17.112348039215686,1.9090343137254902,65.8360931372549,15.82,1041.23,0.1,0.0,0.06204296167939902,"[0.09288561 0.15952282 0.01618833 0.02101834 0.04716704 0.08754808
 0.0819426  0.01328817 0.01717128 0.08484543 0.37842232]",30.60377311706543,31.635408401489258,0.02059708514716476
238400,-0.006575266567524523,16.3051517868042,86.17908803921563,17.236926470588234,16.90504411764706,1.8205661764705883,65.25324509803922,15.98,1042.58,0.04,0.0,0.06411354478448629,"[0.07813846 0.15436281 0.02319247 0.01933031 0.0711396  0.07856381
 0.07681536 0.01137852 0.01148127 0.09381958 0.3817778 ]",30.509132385253906,30.202720642089844,0.020666467035189272
238500,-0.005967674157582223,18.113245706558228,85.42842828431367,17.116899509803922,16.910024509803918,1.8286348039215687,65.29677450980392,16.04,1046.85,4.22,0.0,0.05615186680108309,"[0.09283914 0.14306223 0.02290094 0.01249717 0.07401077 0.07519523
 0.08002464 0.01432104 0.01789106 0.09321775 0.37403998]",29.669782638549805,28.193130493164062,0.017770495428703726
238600,-0.005779519383795559,20.23671896934509,84.42612499999996,16.916176470588233,16.458823529411767,1.7333088235294116,64.37698529411765,16.13,1038.05,0.03,0.0,0.05680028181523085,"[0.09012832 0.13965078 0.01699216 0.0159687  0.0789429  0.06928172
 0.0741264  0.01681364 0.01595324 0.10078458 0.38135758]",31.018199920654297,29.385452270507812,0.01824219796806574
238700,-0.005846172324381769,16.394741353988646,86.02136911764701,17.185882352941174,16.929154411764706,1.880845588235294,64.83257352941176,16.06,1041.03,0.04,0.0,0.05443561378866434,"[0.10277989 0.16850431 0.01409881 0.00617659 0.05410467 0.07701775
 0.0793259  0.0122761  0.01425659 0.08946045 0.38199893]",30.212841033935547,29.817893981933594,0.01756915642414242
238800,-0.006052705307956785,17.21566684246063,85.78815155228754,17.1390727124183,16.878055555555555,1.8138031045751632,64.83132352941176,16.09,1042.79,0.0,0.0,0.054394966289401055,"[0.12335632 0.14085364 0.01737699 0.01779849 0.04554552 0.08706991
 0.07463037 0.01166416 0.00974674 0.0919152  0.38004267]",29.57311248779297,28.727245330810547,0.01715283116325736
238900,-0.006054924158379435,13.580733013153075,86.6008872058823,17.266605392156862,17.17873774509804,1.9994950980392157,65.41066421568627,16.01,1047.1,0.14,0.0,0.05759811531752348,"[0.11210183 0.16852456 0.02324471 0.01022872 0.02594004 0.10402764
 0.08321852 0.0080783  0.01278327 0.08703113 0.36482126]",30.2817440032959,30.911418914794922,0.01782443585805595
239000,-0.006664566660765559,14.879810924530029,85.95245416666663,17.156958333333332,16.973958333333336,1.9530833333333333,65.55695833333333,15.96,1046.23,0.01,0.0,0.06370088990777731,"[0.10561523 0.17543109 0.02419514 0.01249873 0.03185702 0.07506812
 0.0762926  0.01051441 0.0161385  0.09168322 0.38070595]",29.583589553833008,29.136449813842773,0.019680917970836164
239100,-0.006876360434107482,15.196367874145508,86.62603539215681,17.29429411764706,17.113889705882354,1.9422720588235294,65.21386029411765,16.0,1043.32,0.41,0.0,0.06801687624305487,"[0.10494321 0.13593394 0.02535023 0.01401102 0.05700485 0.08515151
 0.08512974 0.0099359  0.01732716 0.09145708 0.37375534]",29.7921142578125,30.861478805541992,0.0202206171117723
239200,-0.006686911787837744,17.74566593170166,85.65949999999995,17.144301470588236,16.759375,1.8250735294117646,64.95422794117647,16.06,1042.97,0.23,0.0,0.06595424439758063,"[0.10066846 0.12065028 0.05673719 0.00855524 0.07132779 0.07333712
 0.07169892 0.0076183  0.01333477 0.08959746 0.3864745 ]",31.166454315185547,29.19573402404785,0.02070142837241292
239300,-0.006036903636995703,16.092830448150636,85.68239049019607,17.144531862745097,16.7714068627451,1.788218137254902,65.39839460784314,15.97,1044.21,0.02,0.0,0.055423975363373755,"[0.11206497 0.14597142 0.0335729  0.0088456  0.03820989 0.08965068
 0.08134788 0.00820906 0.01094562 0.09500708 0.3761749 ]",29.283672332763672,28.521499633789062,0.019530060850083828
239400,-0.005541265762876719,15.602988948822022,85.97857122549014,17.17916911764706,16.93152205882353,1.8484803921568629,65.56398774509803,15.96,1046.18,0.41,0.0,0.048191031105816365,"[0.11750194 0.14779665 0.01238541 0.01118098 0.04355403 0.09849613
 0.08878292 0.01417921 0.01637789 0.08188798 0.3678569 ]",27.591211318969727,28.95487403869629,0.017369514545425773
239500,-0.0061205374961718914,15.117366886138916,86.36130147058819,17.22591911764706,17.10595588235294,1.8987132352941176,65.21213235294117,16.04,1045.9,0.0,0.0,0.05745164856314659,"[0.09754898 0.13680436 0.04350707 0.01615438 0.05220655 0.08288232
 0.07889869 0.00631736 0.01429206 0.09247069 0.37891755]",30.70091438293457,30.514448165893555,0.018927864199504256
239600,-0.006152146584354341,16.094643030166626,85.6491632352941,17.095404411764708,16.92297794117647,1.8776838235294115,64.80742647058824,16.07,1041.23,0.0,0.0,0.05960723340511322,"[0.093653   0.13673507 0.04098788 0.01435961 0.05878013 0.08294476
 0.08514225 0.00721111 0.01706343 0.09235498 0.37076783]",30.65335464477539,30.95043182373047,0.019673408661037683
239700,-0.006317121332976967,14.303349742889404,86.802950245098,17.305507352941177,17.20072794117647,1.9599264705882353,65.09391911764706,16.01,1042.07,0.0,0.0,0.05992846004664898,"[0.11648498 0.1478799  0.01443528 0.02206131 0.04711979 0.08883362
 0.08051725 0.00952568 0.01068369 0.08276564 0.37969288]",27.864234924316406,27.455589294433594,0.019490279210731386
239800,-0.0068103889049962165,15.946004390716553,85.96544779411762,17.167426470588236,16.935404411764708,1.9160294117647059,64.79448529411765,16.07,1041.05,0.0,0.0,0.06830139297991991,"[0.10649421 0.13593838 0.01130955 0.0406901  0.05701553 0.07872015
 0.07705542 0.01335447 0.01334612 0.09389614 0.3721799 ]",30.485307693481445,30.632783889770508,0.02035692078061402
239900,-0.006557295541279018,13.673457775115967,86.43517499999996,17.226875,17.16375,2.06875,65.37625,16.0,1046.02,0.02,0.0,0.0621857400983572,"[0.10730664 0.13234532 0.03180265 0.02906336 0.05593372 0.08163266
 0.07429979 0.01442551 0.01644608 0.0920276  0.3647167 ]",30.42304039001465,29.480268478393555,0.019770115921273826
240000,-0.006820665718987584,16.370249738693236,85.56649926470587,17.094448529411764,16.83544117647059,1.9161029411764707,64.75827205882354,16.06,1039.84,0.0,0.0,0.07219719722867012,"[0.10277797 0.14805897 0.02126815 0.03153593 0.04298976 0.09221342
 0.07779604 0.00787906 0.01580714 0.08930685 0.3703667 ]",29.32749366760254,28.832534790039062,0.020818115137517454
240100,-0.007294755564071238,15.653449487686157,86.30136779411761,17.227870098039215,17.033348039215685,1.920580882352941,65.03598039215686,16.04,1043.01,0.0,0.0,0.07438007570803165,"[0.11835237 0.1507775  0.01202887 0.0236055  0.04744836 0.08840858
 0.07424318 0.00997693 0.0140985  0.08842136 0.37263888]",29.412002563476562,29.370220184326172,0.02199109655804932
240200,-0.006817864789627493,16.585394344329835,85.32400661764703,17.033933823529413,16.866507352941177,1.8828308823529414,64.93404411764706,16.08,1043.91,0.1,0.0,0.06930062908679246,"[0.11179477 0.13408001 0.02151474 0.0168595  0.06344997 0.10087323
 0.08082888 0.00940443 0.01599252 0.08747934 0.3577226 ]",30.163036346435547,30.3560848236084,0.021898085568100214
240300,-0.006100907556246966,16.02391032218933,85.76833813725484,17.14407843137255,16.86386274509804,1.8203455882352941,65.36506862745098,15.94,1041.69,0.02,0.0,0.05750917937606573,"[0.11482739 0.11536486 0.01836591 0.03008025 0.07249671 0.07774094
 0.0738655  0.00576921 0.01655549 0.09752873 0.37740496]",31.421228408813477,30.638080596923828,0.018447154155001044
240400,-0.005551356563810259,17.94292084693909,85.7697231699346,17.161619281045752,16.81542320261438,1.7954591503267974,65.20248774509804,15.99,1042.03,0.19,0.0,0.053304311484098435,"[0.10465594 0.12255131 0.02116136 0.02068387 0.06953865 0.0822932
 0.08051195 0.01808894 0.01608714 0.08748826 0.3769394 ]",30.588045120239258,30.982534408569336,0.01734538030810654
240500,-0.00595631078351289,16.458277797698976,85.32468700513535,17.071358543417368,16.808490896358546,1.853968837535014,65.47663258636788,15.96,1044.48,1.14,0.0,0.05535758089274168,"[0.11771046 0.12458034 0.03095778 0.01271169 0.0520976  0.10076954
 0.08444235 0.00573027 0.01630891 0.08445305 0.37023804]",28.758338928222656,30.101268768310547,0.01953582137823105
240600,-0.00611616775393486,15.735328273773193,86.27461240196075,17.22418137254902,17.04513725490196,1.8541593137254901,65.4785637254902,15.97,1045.52,0.01,0.0,0.056886213980615136,"[0.11650372 0.126835   0.02197338 0.01361626 0.04680756 0.09988488
 0.08549368 0.01229176 0.01568702 0.08603579 0.374871  ]",29.217588424682617,29.040470123291016,0.019350407887250187
240700,-0.006113846274092794,15.974966249465943,86.40010720588232,17.276051470588236,16.96181862745098,1.7968504901960785,65.40489215686274,15.97,1044.32,0.1,0.0,0.056808572821319105,"[0.10820401 0.12584034 0.02633    0.02441277 0.07335335 0.07934588
 0.07676969 0.00697096 0.02091961 0.07869068 0.37916267]",32.24390411376953,31.360939025878906,0.01934201795142144
240800,-0.006571990808006376,14.80266414642334,86.56112421568622,17.284235294117646,17.13637745098039,1.8471127450980394,65.52151225490196,15.96,1045.54,0.79,0.0,0.06109028398990631,"[0.11799113 0.11194872 0.01627896 0.01581533 0.06719659 0.09069351
 0.08628004 0.00965493 0.01438159 0.08918006 0.3805791 ]",31.04106903076172,31.270751953125,0.020248657539486885
240900,-0.007664408632554114,17.830154638290406,85.81524465686272,17.219933823529413,16.628573529411764,1.6429632352941175,64.96013235294117,16.04,1041.69,0.53,0.0,0.07850491769611835,"[0.09117629 0.12455539 0.02534715 0.01438446 0.09388795 0.08761867
 0.08191299 0.01069371 0.00972912 0.08930944 0.3713849 ]",31.24848747253418,29.563119888305664,0.024534505065530537
241000,-0.007018990661017597,22.172117757797242,82.77477955882348,17.199544117647058,16.62491911764706,1.6967083333333335,67.17145588235294,15.91,1037.11,15.78,0.0,0.07508462652564049,"[0.12277389 0.13128842 0.02106261 0.0081169  0.06881839 0.08775149
 0.07258247 0.01801    0.01100818 0.08994821 0.3686394 ]",29.18026351928711,29.598844528198242,0.024839176405221222
241100,-0.0071762216370552774,19.55580195426941,85.09397552521006,17.07297268907563,16.598818277310926,1.752247899159664,64.6837237394958,16.07,1038.94,1.66,0.0,0.07584148112684488,"[0.10957772 0.11993182 0.02375796 0.0155017  0.0641157  0.08916539
 0.08932888 0.0080262  0.02023806 0.09359279 0.3667638 ]",29.16028594970703,30.096452713012695,0.022977002440020444
241200,-0.007037916309200227,19.028450775146485,85.31167950980387,17.10537745098039,16.565414215686275,1.7308848039215687,64.56585784313725,16.08,1037.94,0.04,0.0,0.07169673401862382,"[0.10942339 0.13410307 0.01866202 0.01226146 0.06708553 0.08714674
 0.08505412 0.00799742 0.01541427 0.08822257 0.37462938]",28.39805793762207,28.475948333740234,0.02117727301083505
241300,-0.006438579016830772,20.08859902381897,84.50327558823524,17.08241176470588,16.722455882352943,1.725448529411765,65.05714705882353,16.03,1037.75,9.39,0.0,0.06246065367013216,"[0.09654374 0.12389847 0.03445072 0.0223349  0.07351649 0.08333604
 0.07171187 0.01062896 0.0195754  0.09043911 0.3735643 ]",33.03841781616211,31.157556533813477,0.019971440872177483
241400,-0.005938492291606963,20.44459973335266,84.44020420168063,17.154007352941175,16.890036764705883,1.8483035714285714,65.87776260504202,15.97,1039.76,10.05,0.0,0.05556953923776746,"[0.10684675 0.15921657 0.01754004 0.00835311 0.05812159 0.09149004
 0.07972115 0.00812375 0.01478553 0.08604258 0.36975884]",28.8216552734375,29.777347564697266,0.017845255818683653
241500,-0.006327113285660744,14.71751410484314,85.56366249999998,17.06753676470588,16.92547794117647,1.9515073529411762,64.98845588235294,16.02,1041.06,0.0,0.0,0.05754404623061418,"[0.12454545 0.14661899 0.01542921 0.01435261 0.04226646 0.09193701
 0.08174512 0.01460731 0.01615762 0.08556201 0.3667782 ]",30.772987365722656,30.152265548706055,0.019129441753029823
241600,-0.006824811133556068,17.526929950714113,85.15252196078427,17.00008088235294,16.82486029411765,1.862835784313725,64.89284803921569,16.06,1041.88,0.0,0.0,0.062123289331793785,"[0.0942234  0.13540027 0.01489327 0.02383299 0.06850187 0.09334826
 0.07966131 0.00996364 0.01372596 0.08795399 0.37849504]",30.136653900146484,30.823387145996094,0.021166165815666316
241700,-0.006127937196288258,16.623166942596434,86.0043384313725,17.184762254901962,16.930492647058824,1.8173700980392158,65.34770343137255,15.99,1044.73,0.02,0.0,0.05611039783805609,"[0.09875567 0.13909501 0.01579511 0.01937353 0.06537326 0.08528682
 0.07944427 0.00698021 0.01821872 0.09081475 0.38086265]",29.455368041992188,28.874858856201172,0.019071039534173904
241800,-0.00613729968899861,18.03507981300354,85.81794877450974,17.172063725490194,16.809291666666667,1.7572230392156865,65.12424509803922,16.03,1043.59,0.01,0.0,0.05623923525214195,"[0.10021088 0.14446756 0.02097029 0.01484329 0.0545779  0.09042417
 0.07774547 0.0160945  0.01468211 0.0864967  0.37948713]",29.015079498291016,28.947477340698242,0.01890667884610593
241900,-0.0058275342383421955,19.396531829833986,85.34744691176465,17.087536764705884,16.686478758169937,1.6715261437908497,64.65309640522877,16.13,1042.16,0.04,0.0,0.05000905767083168,"[0.1054858  0.12722568 0.02767148 0.01291126 0.0527163  0.09257547
 0.08690894 0.01086826 0.01775189 0.09467391 0.37121102]",30.507246017456055,30.502361297607422,0.018133254516869785
242000,-0.006257687483448535,21.675715198516844,85.0367513562091,17.057307189542485,16.47228676470588,1.6440686274509804,63.95556862745097,16.15,1032.21,0.0,0.0,0.056914030015468596,"[0.11035767 0.13044836 0.02356199 0.03629996 0.05159223 0.06870904
 0.0745501  0.01143334 0.01296436 0.09707577 0.3830072 ]",31.974477767944336,30.297080993652344,0.01978286152239889
242100,-0.0069713080325163905,16.927733659744263,86.00526127450978,17.16851470588235,16.98483823529412,1.887468137254902,64.95988235294118,16.04,1041.67,0.0,0.0,0.06613293021917344,"[0.10062515 0.14076136 0.01905678 0.02650268 0.04556748 0.09721635
 0.08080514 0.01293298 0.01362926 0.09382086 0.36908197]",30.623510360717773,31.296611785888672,0.02153824028559029
242200,-0.007086132781114429,17.921708097457884,85.77025692810453,17.13561683006536,16.897798202614382,1.81168954248366,65.12902941176472,16.01,1042.4,0.0,0.0,0.0676081145182252,"[0.12228875 0.13335632 0.01290231 0.01698777 0.05836265 0.08770149
 0.08435595 0.00860852 0.01525266 0.08628035 0.37390321]",28.04924774169922,28.780241012573242,0.0215507067553699
242300,-0.006590738699305803,21.305052156448365,84.72577990196076,16.961196895424834,16.551151960784317,1.743108660130719,64.0514093137255,16.22,1038.08,0.0,0.0,0.06466514050960541,"[0.10646345 0.12947974 0.01257537 0.02747422 0.05955496 0.09418795
 0.08187407 0.01354571 0.01454599 0.09021933 0.37007922]",30.00101661682129,29.05014991760254,0.020249421764165162
242400,-0.006545875635929406,21.183831214904785,85.31742279411759,17.07091094771242,16.703688725490196,1.7341666666666669,63.819697712418304,16.22,1034.35,0.0,0.0,0.06524833969771862,"[0.09773675 0.16696583 0.00988351 0.03317976 0.04379742 0.09122124
 0.08388582 0.00881541 0.01673046 0.08858424 0.35919955]",28.988414764404297,29.36659812927246,0.020543823037296533
242500,-0.006364190054591745,19.117425928115846,85.28820808823527,17.119264705882355,16.497794117647057,1.5850735294117648,64.13058823529411,16.15,1035.33,0.0,0.0,0.05821224998682737,"[0.11997028 0.12657475 0.01171793 0.03254245 0.04771833 0.0907314
 0.09319299 0.01073547 0.01618427 0.08844244 0.36218965]",29.415794372558594,29.68134117126465,0.01950070365332067
242600,-0.006439715530723334,18.700419702529906,85.5091051470588,17.127279411764707,16.680625,1.6104044117647058,64.28819852941177,16.13,1036.65,0.0,0.0,0.06376115888357163,"[0.09899487 0.1259295  0.02331886 0.03677198 0.05590458 0.08343194
 0.08398678 0.00807754 0.01839436 0.09357728 0.37161228]",30.826141357421875,31.16471290588379,0.02035877412185073
242700,-0.0062385258101858194,17.86842749595642,85.91104656862741,17.200089869281047,16.780984477124186,1.6378308823529415,64.55996732026144,16.11,1039.71,0.0,0.0,0.060455547384917735,"[0.11674018 0.12623966 0.01437909 0.04062007 0.04274164 0.09505415
 0.07626823 0.01254526 0.01809759 0.08287486 0.3744393 ]",29.028013229370117,29.89020538330078,0.019555124072358012
242800,-0.0066443490295205266,17.951717004776,85.77245049019604,17.163125,16.792883986928103,1.6299918300653595,64.49248366013073,16.1,1037.95,0.0,0.0,0.06599669389426709,"[0.10696679 0.15300097 0.01176926 0.02013447 0.04283433 0.09916608
 0.0943253  0.00926203 0.01265461 0.09049609 0.3593901 ]",30.244998931884766,31.55929946899414,0.021587397111579774
242900,-0.006513971972744912,17.661835317611693,86.22075367647057,17.261360294117647,16.82110294117647,1.6556985294117645,64.3991544117647,16.09,1035.93,0.0,0.0,0.06165932402014732,"[0.1005901  0.13604991 0.01612714 0.03916198 0.06369416 0.08111347
 0.08048657 0.00863844 0.01631531 0.0954635  0.3623594 ]",32.03917694091797,31.832618713378906,0.0201740169711411
243000,-0.006229912077542394,19.850557708740233,84.96914191176467,17.038129901960783,16.499894607843135,1.6522230392156863,64.35951225490196,16.09,1035.21,0.01,0.0,0.05966772172600031,"[0.09632752 0.11607808 0.02247972 0.02899375 0.08968544 0.07873683
 0.0747909  0.01118399 0.01722544 0.08995971 0.3745386 ]",31.76266860961914,30.38401985168457,0.01898587486706674
243100,-0.0062048762128688395,19.263738327026367,85.35885063725486,17.079507352941178,16.690426470588235,1.7782916666666666,64.87108088235294,16.05,1040.82,0.0,0.0,0.05821636743843556,"[0.10459201 0.10704836 0.01864691 0.02151232 0.08845811 0.08561882
 0.08496127 0.01198242 0.01623985 0.08690751 0.37403238]",30.68627166748047,31.424266815185547,0.0193869783077389
243200,-0.0062540032248944045,19.12586064338684,85.24741176470584,17.125845588235293,16.410294117647062,1.6801102941176473,64.38202205882354,16.12,1037.53,0.07,0.0,0.05975451782345772,"[0.09776785 0.12592655 0.0154605  0.0287892  0.08068277 0.09276945
 0.07994247 0.00591744 0.01159864 0.09248564 0.3686595 ]",29.735511779785156,30.099342346191406,0.019451092639937998
243300,-0.006055430774576962,20.626527585983276,84.95358423202612,17.02374183006536,16.522696078431373,1.8590277777777777,64.19787581699346,16.14,1035.68,0.0,0.0,0.05493912689387798,"[0.09687054 0.1407089  0.01588288 0.04350593 0.05391377 0.08766395
 0.07588614 0.01235335 0.01806935 0.09162084 0.36352435]",30.091796875,30.238386154174805,0.018186365691944956
243400,-0.005814669657847844,21.494452667236327,81.3889158333333,16.974017156862747,16.55938480392157,1.8423455882352942,67.4246225490196,16.01,1036.53,11.07,0.0,0.05199154526460916,"[0.09360526 0.12229473 0.01688641 0.03315509 0.08414822 0.07243759
 0.07539973 0.00992668 0.0163308  0.10308247 0.37273306]",31.10433578491211,31.51904296875,0.017278997299144977
243500,-0.006372354261111468,17.24201856613159,85.37641176470582,17.063897058823528,16.779411764705884,1.9396691176470588,64.32691176470588,16.09,1034.79,0.26,0.0,0.057211861796677116,"[0.11693711 0.14366323 0.01551108 0.02377132 0.05521993 0.09216775
 0.08372457 0.00403244 0.01348952 0.08218584 0.3692972 ]",30.438295364379883,30.317546844482422,0.01996759115718305
243600,-0.006366049014031887,16.195973205566407,85.7532273190045,17.143365384615382,16.968662330316743,1.917143665158371,64.87761029411764,16.01,1038.1,2.03,0.0,0.05448430072516203,"[0.11495781 0.14505167 0.01049073 0.01468251 0.05503638 0.09121209
 0.08732788 0.00856532 0.01458079 0.092854   0.36524078]",28.187786102294922,29.20935821533203,0.019975999584421516
243700,-0.005726954541169107,18.37487503051758,85.3615590686274,17.095176470588235,16.644083333333334,1.9121323529411764,64.74599019607844,16.06,1039.46,0.14,0.0,0.05335163664072752,"[0.10607363 0.12405609 0.01630194 0.02963781 0.08092847 0.07092787
 0.06637839 0.0158474  0.01175846 0.0940454  0.38404453]",32.367889404296875,30.46941375732422,0.017563050277531148
243800,-0.006263871174305677,15.914993801116943,86.08992651960779,17.171075980392157,17.06662745098039,2.0425441176470587,65.02671568627451,16.05,1043.31,0.61,0.0,0.057957761622965336,"[0.11033427 0.13896504 0.02059669 0.01311213 0.06926478 0.08964417
 0.07973369 0.00667927 0.01151395 0.08424357 0.37591243]",30.30887794494629,29.66023063659668,0.01860731130465865
243900,-0.006071739476174116,16.552380743026735,85.6829649108734,17.184293003565063,17.101793003565064,2.0674826203208556,65.74754166666668,15.94,1045.29,5.98,0.0,0.05853077095001936,"[0.10528024 0.16102667 0.01807417 0.00719344 0.0532393  0.10182963
 0.08065499 0.01199228 0.0116101  0.08575206 0.3633471 ]",30.075420379638672,30.437402725219727,0.01919057979248464
244000,-0.006289870054461062,16.403596506118774,86.13934921568625,17.194767156862746,16.98156862745098,1.9887941176470587,64.67656862745098,16.03,1036.59,0.0,0.0,0.05969179164618254,"[0.11581873 0.15797752 0.02207955 0.00590599 0.04007549 0.08673494
 0.08383841 0.01258792 0.01020939 0.09209213 0.37267992]",29.070785522460938,29.579376220703125,0.018772845389321446
244100,-0.006552984423469752,15.668003959655762,86.03692720588231,17.158272058823528,17.022867647058824,1.946764705882353,64.92077205882353,16.04,1041.2,0.0,0.0,0.060422463715076445,"[0.09847807 0.14883357 0.02335193 0.02295911 0.04624309 0.09338383
 0.07643226 0.00805365 0.01353921 0.08755696 0.3811683 ]",30.378206253051758,30.574508666992188,0.01974627301096916
244200,-0.007064320475328714,15.586472969055176,85.94431759803918,17.139213235294118,17.055242647058822,2.0063210784313723,65.29051225490196,16.0,1044.55,0.24,0.0,0.06212127309292555,"[0.12194912 0.1349887  0.01396051 0.01357695 0.0601775  0.0862436
 0.07470242 0.00753551 0.01421551 0.09203918 0.38061097]",30.60589599609375,30.50990867614746,0.021628426387906075
244300,-0.006889409443829209,21.07597144126892,74.84251029411774,17.007485294117647,16.68502205882353,1.9047156862745096,74.59784803921568,15.9,1040.93,10.01,0.0,0.06533398926723749,"[0.11068536 0.13041413 0.02281616 0.02225406 0.06272981 0.09075844
 0.07104511 0.00537024 0.01323395 0.09225519 0.37843752]",31.182353973388672,31.210302352905273,0.021345467721112073
244400,-0.006770029503386467,17.360397987365722,85.94743606209147,17.156307189542485,16.98841911764706,1.8698398692810456,64.87655800653596,16.08,1042.86,0.0,0.0,0.06950470242649316,"[0.11714762 0.15620764 0.01603324 0.00775185 0.04372576 0.10369702
 0.08453707 0.01089987 0.00978629 0.08518693 0.3650267 ]",29.543689727783203,29.1396541595459,0.02099721718579531
244500,-0.00615850705653429,17.020629844665528,85.82227607843134,17.143139705882355,16.886595588235295,1.830357843137255,64.80611519607844,16.1,1043.02,0.0,0.0,0.05834179740399122,"[0.1022507  0.15199476 0.01813793 0.00835634 0.06830448 0.08160281
 0.07433216 0.01358936 0.01418687 0.08866089 0.37858367]",30.339326858520508,29.675823211669922,0.01908197298180312
244600,-0.006231248687254265,16.184394664764405,86.65634852941173,17.289007352941177,17.128198529411765,1.8501838235294117,64.45375,16.06,1034.96,0.0,0.0,0.06175741374492645,"[0.12294353 0.14182758 0.011974   0.01871023 0.04204353 0.10368583
 0.07610683 0.00990995 0.01614    0.09108533 0.36557314]",29.496923446655273,30.01117515563965,0.01929272073786706
244700,-0.0062515511736273765,16.680611853599547,85.77685735294114,17.11830882352941,16.93580882352941,1.9055147058823527,64.26944852941176,16.15,1037.51,0.01,0.0,0.06161756694316864,"[0.09664304 0.14740531 0.02600869 0.00773907 0.07023451 0.10711106
 0.07099964 0.0137648  0.01166599 0.07671867 0.3717092 ]",29.700103759765625,29.532339096069336,0.018466341057792306
244800,-0.006220041288761422,17.85407687664032,85.84910073529407,17.149375,16.889779411764707,1.8309191176470585,64.15919117647059,16.1,1032.72,0.01,0.0,0.06204178940504789,"[0.13466965 0.14165926 0.02132957 0.01580429 0.04325674 0.0940973
 0.07373592 0.01197313 0.01687932 0.09029581 0.35629904]",30.978736877441406,30.27680206298828,0.01931867118924856
244900,-0.00703842485556379,16.990426778793335,85.7029060457516,17.10078431372549,16.945710784313725,1.824276960784314,64.14301062091504,16.15,1035.5,0.03,0.0,0.07080353770405054,"[0.10974862 0.1475846  0.01885526 0.02546213 0.04485306 0.08504847
 0.08269501 0.01202606 0.01256378 0.09279308 0.36836997]",29.631053924560547,29.490795135498047,0.020864722076803444
245000,-0.0068673600349575285,17.057476119995115,85.28996838235291,17.04003676470588,16.781838235294117,1.8402941176470589,64.00533088235294,16.15,1033.35,0.28,0.0,0.07363117050379514,"[0.10060231 0.11686853 0.03464431 0.02093339 0.08217138 0.09588447
 0.0781685  0.00790012 0.01063918 0.08905888 0.36312896]",32.305572509765625,32.572261810302734,0.022396400598809124
245100,-0.00691106020938605,18.524714469909668,84.76523104575158,16.960678104575162,16.570870098039215,1.7996364379084968,63.95440767973856,16.15,1032.41,0.01,0.0,0.07408106137067079,"[0.10540815 0.13901858 0.01978509 0.01259599 0.07330856 0.08627242
 0.07499979 0.00838208 0.01634639 0.09273648 0.37114647]",30.23600959777832,30.63287353515625,0.02108209823258221
245200,-0.006098104901611805,19.372956504821776,84.82358068627445,17.01500245098039,16.60382598039216,1.7444485294117649,64.37160049019607,16.07,1034.03,2.59,0.0,0.0577848570048809,"[0.10122132 0.13623631 0.02555011 0.01481772 0.06595562 0.088638
 0.07946445 0.01076664 0.01559227 0.09507361 0.36668396]",31.000919342041016,31.223691940307617,0.01894182039424777
245300,-0.005640231522265822,18.61247995376587,84.7720923202614,17.013986928104575,16.385183823529413,1.618378267973856,63.9939705882353,16.17,1034.29,0.06,0.0,0.05792584218084812,"[0.11644407 0.12398558 0.02137551 0.02254819 0.05769103 0.09934086
 0.08649442 0.01678546 0.01494213 0.08659373 0.353799  ]",30.313657760620117,30.981107711791992,0.017462191442027687
245400,-0.006676476551219821,18.469489183425903,85.79718333333331,17.179440359477123,16.73201797385621,1.7611560457516342,64.20551879084968,16.15,1036.48,0.01,0.0,0.0669889534264803,"[0.11230124 0.13088343 0.01710051 0.02561032 0.04797822 0.09432614
 0.08302173 0.01363993 0.01720381 0.09252471 0.36540994]",30.499099731445312,30.7578125,0.021057288092561067
245500,-0.006572176597546786,16.473302402496337,85.87026161764703,17.17131862745098,16.8555318627451,1.8259142156862744,65.26554411764705,16.04,1046.51,0.0,0.0,0.06431833930313587,"[0.12251907 0.14466959 0.02533575 0.01157257 0.03849129 0.08355343
 0.07782277 0.01128002 0.01282624 0.08739405 0.3845352 ]",30.419906616210938,29.117168426513672,0.020238042091950775
245600,-0.006749983292538672,19.894917278289796,84.0396575816993,17.011941993464053,16.534968954248367,1.6403651960784313,65.86051960784314,15.97,1048.1,10.03,0.0,0.06572420785203575,"[0.11133655 0.1654708  0.01323382 0.01788918 0.03018411 0.08778419
 0.07646948 0.01438436 0.01710954 0.08593258 0.3802054 ]",29.851472854614258,30.0098876953125,0.021022086278535426
245700,-0.0065875820093788204,16.702894525527952,85.9871676470588,17.180257352941176,16.91875,1.8219852941176469,64.99375,16.01,1040.51,0.01,0.0,0.06266987770795822,"[0.10883653 0.15800886 0.0159888  0.01130742 0.05563473 0.08062315
 0.07208791 0.01447237 0.01240526 0.09322723 0.37740773]",30.57360076904297,29.955663681030273,0.020086065419018268
245800,-0.006891296654939652,16.204850006103516,86.03808382352936,17.173933823529413,16.97933823529412,1.940625,64.94830882352942,16.04,1041.66,0.0,0.0,0.0663472930714488,"[0.11797347 0.1269835  0.01709359 0.0156362  0.07798215 0.07923591
 0.0766397  0.01221658 0.01416175 0.09501746 0.36705968]",31.886028289794922,31.7399959564209,0.02008005516603589
245900,-0.00748398874886334,15.313983583450318,85.60294588235291,17.08654411764706,16.915955882352943,1.9927720588235294,64.97520098039216,16.01,1040.15,0.0,0.0,0.07547958098351955,"[0.11751132 0.14627038 0.04142785 0.01121893 0.03288681 0.08317257
 0.07826483 0.01679031 0.01336842 0.08900266 0.3700859 ]",28.51372718811035,29.336801528930664,0.02391181585378945
246000,-0.0079085614066571,15.165343885421754,86.35141740196076,17.233610294117646,17.07353676470588,2.004752450980392,65.26995098039215,15.99,1043.53,0.12,0.0,0.08114397466182709,"[0.12141383 0.15952796 0.0174765  0.01174622 0.02265543 0.10746881
 0.08688038 0.00909035 0.01543638 0.07822581 0.37007833]",30.101411819458008,31.215133666992188,0.025150655312463643
246100,-0.007506032499950379,13.924792485237122,86.40013333333329,17.221958333333333,17.13008333333333,1.9927916666666667,65.27108333333334,15.98,1043.0,0.02,0.0,0.0757859556376934,"[0.10187254 0.16382103 0.01478113 0.01970708 0.03963982 0.08550401
 0.07957941 0.0176838  0.01630031 0.0890057  0.37210518]",27.31616973876953,28.430986404418945,0.022078974973410367
246200,-0.00732479942496866,14.942556295394898,86.51233480392152,17.256144607843137,17.11574019607843,1.9097156862745097,65.01839950980393,16.05,1043.35,0.08,0.0,0.08075833573937416,"[0.11180668 0.13393758 0.03417694 0.02028324 0.04343943 0.09404442
 0.08007213 0.01534688 0.01625417 0.08260366 0.36803487]",28.340412139892578,28.686059951782227,0.022000292465090752
246300,-0.00738630115520209,17.717988710403443,85.30933460784308,17.10051225490196,16.57738725490196,1.8814852941176468,64.73783088235295,16.12,1043.18,0.01,0.0,0.07468181751668453,"[0.09016179 0.13134308 0.03527346 0.0206224  0.0479398  0.08765309
 0.08542337 0.01305321 0.02312096 0.09388819 0.37152067]",28.09738540649414,28.713356018066406,0.022186982976272702
246400,-0.007753357302863151,22.959206895828245,83.5299339705882,16.96427450980392,16.18769362745098,1.6110784313725488,65.01370833333333,16.14,1045.38,10.04,0.0,0.06837356865406036,"[0.11585909 0.15197057 0.01278737 0.01170864 0.04053524 0.09213246
 0.08056831 0.01916755 0.02195805 0.08704926 0.36626345]",27.91751480102539,28.090450286865234,0.02632330322638154
246500,-0.0058294568886049095,20.584556407928467,84.74538423202611,17.096797385620913,16.055212418300655,1.4799591503267973,63.894093137254906,16.2,1034.53,0.26,0.0,0.0616642190515995,"[0.11502584 0.12776758 0.02250561 0.02212302 0.05668014 0.08318783
 0.0821228  0.00800949 0.01738593 0.09186018 0.37333158]",30.82685661315918,30.913354873657227,0.01783908925950527
246600,-0.006331927827559412,15.574132490158082,86.04941475490193,17.189605392156864,16.976948529411764,1.7752254901960784,65.31450735294118,15.99,1044.18,0.18,0.0,0.062459298521280286,"[0.09787734 0.14800541 0.01800818 0.02452114 0.05010125 0.089889
 0.07479247 0.01702957 0.01436782 0.08806365 0.37734416]",30.079347610473633,30.229074478149414,0.018836997170001268
246700,-0.006463493555784226,16.023056573867798,86.16494779411761,17.21702205882353,16.934963235294116,1.7454779411764707,65.04588235294118,16.07,1045.07,0.03,0.0,0.06329754523932934,"[0.11112523 0.14077549 0.00912832 0.01595907 0.06737514 0.08120672
 0.07614932 0.00971847 0.01729011 0.08461536 0.38665676]",31.271907806396484,29.583572387695312,0.019199582571163772
246800,-0.006737861074507237,16.641559076309203,85.5360308823529,17.0625,16.92345588235294,1.9030882352941176,64.97345588235294,16.05,1042.68,0.0,0.0,0.06569812808185815,"[0.11430943 0.14178267 0.01468943 0.0167861  0.06777998 0.09235919
 0.07229709 0.0114915  0.01492897 0.08529634 0.36827928]",29.851184844970703,28.769990921020508,0.02052391686476767
246900,-0.006320670964196324,18.37454448699951,84.84053521241826,17.128186274509805,17.066838235294117,1.9816053921568626,65.89318218954249,15.98,1045.4,10.07,0.0,0.06493958853185176,"[0.12192407 0.12756589 0.01666561 0.01571835 0.06812041 0.08580748
 0.07307863 0.01353277 0.01528659 0.09408315 0.36821708]",29.914775848388672,30.464445114135742,0.020905972584150733
247000,-0.006153500329237432,14.625112590789795,86.33873950980389,17.217473039215687,17.132893790849675,1.9077279411764707,64.71251225490195,16.04,1037.76,0.63,0.0,0.05827286522835493,"[0.12281165 0.11275901 0.01659178 0.01025615 0.07634979 0.09823933
 0.08302873 0.01578801 0.01166264 0.08751664 0.36499625]",31.042667388916016,31.477785110473633,0.01798670626245439
247100,-0.0066016431269235905,14.497028255462647,86.49791617647055,17.238529411764706,17.166286764705884,1.9689705882352941,64.89106617647059,16.03,1040.12,0.02,0.0,0.06799577437341213,"[0.12688124 0.13904431 0.02416949 0.01557737 0.03327333 0.0823762
 0.07758477 0.02179774 0.01787935 0.08558116 0.37583503]",30.20806312561035,29.686145782470703,0.01971397291868925
247200,-0.007029206943698228,15.101803588867188,86.2439576960784,17.20460049019608,17.07776225490196,1.944247549019608,65.00119362745099,16.03,1041.83,0.02,0.0,0.07487743563950061,"[0.11637819 0.15729912 0.01771152 0.01699358 0.05505624 0.07303286
 0.0699257  0.01170109 0.02226534 0.08640005 0.37323633]",30.498342514038086,28.97381591796875,0.020895842434838413
247300,-0.007111430624499917,21.555998792648314,85.1125426470588,17.080404411764707,16.45875,1.7850735294117646,64.03856617647058,16.26,1040.66,0.02,0.0,0.08019317857921124,"[0.11719336 0.12728941 0.02115736 0.01955162 0.05757336 0.07844544
 0.07293443 0.01618631 0.01224828 0.08763798 0.3897824 ]",31.486526489257812,30.471084594726562,0.021071973852813244
247400,-0.007030249964445829,16.64097586631775,86.46693534313722,17.275676470588238,17.00872794117647,1.8128946078431372,64.55454411764705,16.13,1040.86,0.0,0.0,0.07160890560597181,"[0.09894218 0.13540429 0.0243746  0.01929032 0.06813859 0.08395199
 0.0850174  0.00874785 0.01545907 0.08793525 0.37273848]",29.85549545288086,29.99447250366211,0.021321026142686605
247500,-0.006372924230527132,15.448925857543946,86.73973382352936,17.295735294117648,17.174117647058825,1.9191544117647057,64.86625,16.05,1040.97,0.05,0.0,0.06152102280408144,"[0.10731657 0.14510712 0.01547064 0.02171762 0.05259109 0.09729443
 0.08419689 0.01545409 0.00976967 0.08746383 0.36361808]",30.54302406311035,31.00564956665039,0.01939962888136506
247600,-0.005937779257073998,13.743309593200683,87.0854839215686,17.3621568627451,17.25859068627451,2.0007303921568624,65.36604901960783,15.97,1043.79,0.29,0.0,0.0564284685254097,"[0.09875738 0.14217612 0.0232719  0.01296372 0.06335203 0.09037015
 0.07667382 0.00745461 0.01513239 0.08689201 0.38295588]",29.834314346313477,30.22429847717285,0.017981963721103965
247700,-0.006282578089740127,14.335415687561035,87.2395071078431,17.39194117647059,17.276720588235293,2.031093137254902,65.22384068627451,16.03,1045.38,0.0,0.0,0.055272338911890984,"[0.10944612 0.13971893 0.02399321 0.01833886 0.06097218 0.08388217
 0.07149483 0.0169333  0.01221873 0.08107281 0.38192883]",29.733266830444336,29.275110244750977,0.018303114250302316
247800,-0.006608995555434376,17.397302865982056,85.99379117647057,17.169595588235293,16.93591911764706,1.9466911764705883,64.65974264705883,16.07,1038.9,0.02,0.0,0.057549998909235,"[0.10800426 0.15342933 0.02167474 0.02677846 0.04804841 0.07232273
 0.06633414 0.01088868 0.01881217 0.09496096 0.37874615]",31.50815200805664,30.124713897705078,0.019161344906315207
247900,-0.005969742415472865,14.696529788970947,86.72298749999995,17.285367647058823,17.193308823529414,2.076764705882353,64.68606617647059,16.06,1038.65,0.19,0.0,0.05549114890396595,"[0.1181705  0.14843465 0.01962805 0.01306485 0.05271326 0.09623858
 0.07501922 0.00384066 0.01925081 0.08272075 0.37091863]",29.971410751342773,29.811100006103516,0.017910686768591404
248000,-0.006478822082281113,20.322938413619994,84.37502794117643,16.942242647058823,16.291507352941174,1.6953676470588235,63.823125,16.23,1035.33,0.13,0.0,0.06052690859884024,"[0.11953957 0.14320607 0.02928105 0.01828885 0.03357692 0.08395503
 0.07841131 0.01511913 0.02033756 0.08817911 0.3701054 ]",30.55923843383789,29.727685928344727,0.02122942681889981
248100,-0.00661158304894343,16.182036800384523,86.1236396078431,17.183830882352943,17.031041666666667,1.9118357843137253,65.39916911764706,15.96,1043.44,0.0,0.0,0.058286578506231305,"[0.11693483 0.15056936 0.02576724 0.01376174 0.03117173 0.0832569
 0.07729125 0.01695322 0.013258   0.09067495 0.3803608 ]",28.34739112854004,29.163593292236328,0.02046784489415586
248200,-0.006585005971137434,14.178402194976806,86.70968475490191,17.28660049019608,17.18899019607843,1.991387254901961,65.5922818627451,15.91,1043.4,0.0,0.0,0.05827034521847963,"[0.12088511 0.13779008 0.02960207 0.01421997 0.04187984 0.08430673
 0.06768637 0.01794583 0.01322724 0.09075046 0.3817063 ]",29.170318603515625,29.391382217407227,0.02010092992335558
248300,-0.006515524846035987,15.237049102783203,86.26564107843133,17.21481617647059,17.049742647058824,1.8573161764705883,65.21195098039216,15.99,1042.67,0.0,0.0,0.060720010474324224,"[0.12380128 0.13720265 0.0199816  0.01606149 0.04452468 0.10064062
 0.07435499 0.01068769 0.01708759 0.08549643 0.37016094]",29.498092651367188,29.46748161315918,0.019286526115611196
248400,-0.006947062588296831,19.342514686584472,85.3683144957983,17.110294117647058,16.682095588235292,1.6489128151260504,64.42712710084034,16.07,1034.9,1.32,0.0,0.0631068416684866,"[0.10673273 0.14842673 0.03093378 0.00772575 0.0433838  0.08788059
 0.08680455 0.01441029 0.0172894  0.08579006 0.3706223 ]",28.719877243041992,28.734737396240234,0.021782547901384532
248500,-0.006795113887637854,17.659539680480957,85.9501476960784,17.197913398692812,16.830293300653597,1.6927099673202612,64.84474754901962,16.03,1038.93,0.23,0.0,0.06655956365168095,"[0.11722307 0.1366767  0.02067832 0.00729547 0.05171445 0.0907535
 0.08131355 0.01153834 0.0142284  0.08747346 0.38110474]",28.867773056030273,28.61456298828125,0.02131062443368137
248600,-0.0062944112299010155,16.59608648300171,84.37303120915033,17.29602450980392,17.116870098039215,1.8195212418300657,67.96096732026145,15.69,1050.95,20.03,0.0,0.05792429639026522,"[0.0929554  0.13001542 0.03213254 0.01160753 0.06651971 0.09151839
 0.07453809 0.01697851 0.01462405 0.08396225 0.3851481 ]",29.077817916870117,29.475177764892578,0.01979336670599878
248700,-0.006316991612984566,24.438356523513793,72.09360044117656,17.014531862745102,16.3061454248366,1.613311274509804,77.14784803921569,15.57,1058.94,50.99,0.0,0.05707048756070435,"[0.09940727 0.14159833 0.0244698  0.00249709 0.06935309 0.09711646
 0.08704092 0.01402225 0.00983876 0.08602246 0.36863357]",27.751916885375977,28.658370971679688,0.019650235314038582
248800,-0.006075765483547002,26.618576984405518,83.43135683132223,16.844456447963797,15.903839617898438,1.6449382227249874,64.18352941176471,16.15,1035.05,1.97,0.0,0.05608240842819214,"[0.11364718 0.13021703 0.01598049 0.00895584 0.08526091 0.07402372
 0.07468064 0.01897483 0.01596895 0.07879499 0.38349542]",29.905658721923828,29.153160095214844,0.01872869421262294
248900,-0.006282944729318843,18.71635046005249,83.59004284313724,17.148105392156864,16.71714950980392,1.772357843137255,66.9842181372549,15.93,1044.9,10.02,0.0,0.059031453784555196,"[0.093999   0.13387246 0.0301203  0.00924162 0.07079317 0.08246901
 0.07711433 0.0137107  0.01709403 0.09023275 0.3813526 ]",28.93035888671875,29.116758346557617,0.02001969455042854
249000,-0.006182165211066603,18.96077893257141,85.42079542483656,17.103272058823528,16.68613562091503,1.730379901960784,64.49359477124183,16.13,1039.88,0.04,0.0,0.05943844895809889,"[0.10357456 0.1160422  0.03120721 0.01793676 0.06976281 0.08686357
 0.07882138 0.00236434 0.01994344 0.08917376 0.38430995]",31.401527404785156,31.53737449645996,0.019046542635187506
249100,-0.006152758789248765,17.7763893699646,86.04662186274507,17.21375571895425,16.86681944444444,1.9029297385620916,65.05476879084968,16.02,1041.89,0.44,0.0,0.055869884863495825,"[0.09871041 0.12068855 0.02572926 0.01469431 0.08173134 0.08759743
 0.07219948 0.01233418 0.01421437 0.09219141 0.37990928]",32.48869705200195,32.6453857421875,0.019008700279518963
249200,-0.007255265649873764,17.5733323097229,85.45519427224734,17.115208898944193,16.847441742081447,1.8020995475113122,65.54483898944193,15.93,1043.39,2.23,0.0,0.059828712753951546,"[0.11483776 0.13308851 0.0238993  0.00953419 0.04986512 0.09652656
 0.07682297 0.00976564 0.01368524 0.09382418 0.37815052]",29.251691818237305,29.825458526611328,0.022431596582755446
249300,-0.006143664875999093,18.70862301826477,71.42295750000012,17.151801470588236,16.75189705882353,1.6891029411764709,79.2133700980392,15.71,1055.28,30.21,0.0,0.05554167872993276,"[0.10925782 0.1332502  0.02308326 0.0172571  0.06561708 0.08261792
 0.07198552 0.01423665 0.01361834 0.09590977 0.37316635]",32.011474609375,30.892866134643555,0.019544648034498097
249400,-0.006122314755339175,17.748080921173095,85.79392303921564,17.144267156862746,16.876105392156862,1.7790441176470588,64.92013725490196,16.05,1041.72,0.03,0.0,0.054071014560759065,"[0.12051953 0.14934923 0.01369835 0.01585354 0.04920108 0.08853979
 0.07896169 0.00936016 0.01613222 0.08633762 0.3720468 ]",30.165691375732422,30.244609832763672,0.018043428896926342
249500,-0.006242330675013364,15.32059238433838,85.71058529411762,17.12436274509804,16.901752450980393,1.8651470588235293,65.27014705882353,16.0,1044.27,0.51,0.0,0.05636096064001322,"[0.10437291 0.14404932 0.01365914 0.02115566 0.06952528 0.08181038
 0.07021648 0.00857258 0.01614418 0.0930716  0.37742245]",31.11605453491211,30.690670013427734,0.018588350918143988
249600,-0.005747180862817914,15.91552152633667,86.02165406862737,17.172142156862748,17.01071323529412,1.8952009803921568,64.69842156862745,16.06,1038.81,0.76,0.0,0.053752940744161606,"[0.11052238 0.14257318 0.01653241 0.01458146 0.06943388 0.08156069
 0.07481071 0.01145017 0.01522359 0.08852044 0.37479106]",29.77618980407715,29.778560638427734,0.017136140880174934
249700,-0.006022686132928357,15.23620532989502,86.25250980392151,17.19390114379085,17.110028594771244,2.0181781045751634,65.22075571895424,16.04,1045.95,0.03,0.0,0.058593256175518034,"[0.10759599 0.15403165 0.02068586 0.01318776 0.05158733 0.08185633
 0.08257233 0.01287429 0.01141983 0.08850265 0.37568605]",30.684289932250977,30.834753036499023,0.018472280083224178
249800,-0.006345371926436201,15.171505250930785,79.3018616666667,17.214625,17.157125,2.038875,73.05033333333333,15.47,1052.71,30.09,0.0,0.05970719852484763,"[0.10769334 0.13965909 0.02852093 0.00645735 0.0500748  0.10337834
 0.07737863 0.01335918 0.01049604 0.08661538 0.3763669 ]",29.785903930664062,30.69426918029785,0.01940634578699246
249900,-0.006835923342150636,14.884021530151367,81.47047181372551,17.257843137254902,17.201850490196076,2.065779411764706,70.80585784313726,15.7,1042.77,10.02,0.0,0.06462196122854948,"[0.11199957 0.16143747 0.02231016 0.01390623 0.04098773 0.08324879
 0.07236872 0.00989125 0.01226268 0.0852742  0.38631314]",31.092042922973633,30.411230087280273,0.02147656341083348
250000,-0.006734041406307369,14.345847787857055,86.28282725490192,17.205551470588233,17.120698529411765,2.038254901960784,65.87220588235294,15.92,1048.55,0.01,0.0,0.06272126838564873,"[0.10514828 0.14943491 0.02417182 0.00957019 0.0548266  0.07953035
 0.07630961 0.00855674 0.01507224 0.09048026 0.38689896]",30.030916213989258,30.181873321533203,0.020748866675421595
250100,-0.006570403445512057,13.332051696777343,86.70958916666663,17.294541666666664,17.190791666666666,2.111375,65.893625,15.88,1046.27,0.0,0.0,0.0615739269182086,"[0.11118322 0.13968614 0.0300416  0.00930568 0.04796317 0.08964468
 0.07938753 0.00976574 0.01222203 0.08856525 0.382235  ]",30.48916244506836,30.680253982543945,0.01989470629952848
250200,-0.006757099872920662,13.470715589523316,86.84388833333328,17.31113725490196,17.22382107843137,2.0706936274509804,65.54321078431373,15.97,1046.59,0.02,0.0,0.06652331631630659,"[0.10765404 0.15462407 0.01634444 0.01421698 0.05155955 0.09367349
 0.07291264 0.01503503 0.00946955 0.08980023 0.37470996]",29.33556365966797,28.653600692749023,0.02045985502190888
250300,-0.006898858731146902,16.38067964553833,85.16029779411761,17.268455882352942,17.008372549019608,1.958375,66.7776887254902,15.86,1049.09,10.01,0.0,0.06499954469501973,"[0.12112173 0.14546576 0.01289311 0.02202808 0.05247143 0.09083739
 0.06508942 0.0078298  0.0089642  0.0894063  0.38389283]",30.63528823852539,29.785236358642578,0.021432958049699663
250400,-0.006448891358450055,17.902955646514894,83.7955358333333,17.155124999999998,16.809874999999998,1.8522083333333332,67.88108333333334,15.73,1067.36,30.03,0.0,0.060428069122135636,"[0.11079504 0.13851842 0.0186271  0.01422859 0.06502815 0.08148134
 0.07246711 0.01306285 0.01511641 0.09371819 0.37695685]",30.339876174926758,30.222248077392578,0.020007032761350275
250500,-0.005961119658313692,16.546933431625366,85.60023514005597,17.225946078431374,16.862112044817927,1.8436631652661064,66.0663263305322,15.87,1047.34,6.99,0.0,0.054762022867798806,"[0.09760202 0.13412714 0.03559497 0.02540503 0.05322469 0.09474049
 0.07096781 0.01258895 0.01326266 0.08671132 0.3757749 ]",31.575658798217773,29.915983200073242,0.018579588877037166
250600,-0.006192426497582346,18.678595752716063,74.66330179271716,17.009238445378152,16.632268907563024,1.8541509103641454,75.64763515406163,15.79,1045.1,11.43,0.0,0.051914058881811796,"[0.11212105 0.15385015 0.03209154 0.01504138 0.03722073 0.09217513
 0.06609783 0.01413874 0.01269532 0.0818252  0.3827429 ]",29.568588256835938,28.804000854492188,0.018928570263087748
250700,-0.005870983561035246,16.246359338760374,84.34958416666665,17.2415,17.028624999999998,1.9470416666666666,67.844875,15.76,1059.57,21.01,0.0,0.05154368882998824,"[0.03731199 0.04388682 0.00606529 0.00738891 0.0170864  0.02947541
 0.02797109 0.00695936 0.0051678  0.03223871 0.78644824]",-39.580936431884766,-42.5384635925293,0.017517304415814578
250800,-0.006207504448248073,17.869925289154054,85.1692676820728,17.17749474789916,16.85028886554622,1.825751400560224,65.82475210084033,15.98,1050.18,10.05,0.0,0.05690934017300606,"[0.10988242 0.12854697 0.04172511 0.01959847 0.04529536 0.09485806
 0.07386912 0.01398287 0.01523843 0.08762286 0.36938035]",31.173437118530273,31.6685791015625,0.01852660623844713
250900,-0.005847405840177089,16.992629604339598,85.892494117647,17.177389705882355,16.876544117647057,1.7783088235294118,64.60297794117646,16.09,1039.2,0.45,0.0,0.05279528994113207,"[0.11722617 0.14074413 0.02776315 0.01244138 0.04838502 0.0922389
 0.07671314 0.00780988 0.01330841 0.08896933 0.3744005 ]",29.60478973388672,29.980213165283203,0.01807765964884311
251000,-0.006033074404112995,16.61248688697815,85.69301901960782,17.204178921568626,17.046127450980393,1.9664117647058823,65.20567892156863,15.97,1038.45,5.65,0.0,0.05606135986745357,"[0.1239837  0.14539802 0.02361463 0.00904931 0.04557948 0.08932269
 0.07690079 0.01498493 0.01634799 0.0855789  0.36923954]",30.959224700927734,30.880373001098633,0.018666147077456115
251100,-0.006067735969554633,15.578259825706482,85.67095235294114,17.111325980392156,16.94851960784314,1.9112254901960783,64.9822843137255,16.03,1041.46,0.63,0.0,0.05309206198900938,"[0.11800551 0.13174394 0.03358368 0.02303414 0.04116388 0.08749174
 0.08314645 0.00677995 0.01832153 0.0886223  0.3681069 ]",28.808853149414062,29.669960021972656,0.01882790680974722
251200,-0.006626145676709712,20.383324918746947,84.83266957983189,17.107098039215686,16.8047818627451,1.8530203081232492,65.2657944677871,16.07,1047.09,10.07,0.0,0.050447176806628705,"[0.1087996  0.1194207  0.02863943 0.02487569 0.07033972 0.0952054
 0.06649589 0.01189991 0.01732475 0.08750327 0.36949566]",30.7174072265625,30.865097045898438,0.019613997330889105
251300,-0.006443967970553786,16.162293486595154,85.85282459150324,17.172663398692812,16.84452205882353,1.8654493464052289,64.81560866013072,16.07,1041.27,0.01,0.0,0.05728728741407394,"[0.11763128 0.12822214 0.03479293 0.01623016 0.05233263 0.08652546
 0.07945657 0.01333167 0.01231472 0.09190764 0.36725482]",30.372495651245117,30.838077545166016,0.020185090266168118
251400,-0.006893284060060978,17.974777622222902,84.6147889705882,16.93360294117647,16.58860294117647,1.7637132352941176,64.49963235294118,16.1,1038.17,0.0,0.0,0.06979204334318638,"[0.1133638  0.10754753 0.03352639 0.03760486 0.0585926  0.092047
 0.06620297 0.01350891 0.01169825 0.09340192 0.37250572]",29.18500328063965,28.582937240600586,0.021669061798602344
251500,-0.006216875442769379,20.80999897956848,84.42880254901957,16.939009803921568,16.390958333333334,1.6721127450980393,64.21722794117647,16.13,1035.45,0.06,0.0,0.05873781759291887,"[0.09664702 0.12994103 0.0137688  0.04280986 0.06669654 0.08342904
 0.06867728 0.00947668 0.01614844 0.09099647 0.38140884]",30.630159378051758,30.33220100402832,0.019465464008972047
251600,-0.005830348341260105,19.270513744354247,85.55653954248365,17.122169117647058,16.712875816993463,1.777467320261438,64.2128635620915,16.12,1034.72,0.04,0.0,0.05134355567395687,"[0.09771584 0.13106063 0.02473202 0.02295727 0.07262526 0.09110706
 0.07545489 0.00853969 0.01841488 0.09544231 0.36195013]",30.658491134643555,30.984947204589844,0.017572557693347333
251700,-0.005786675426643342,15.878815088272095,85.34646769607839,17.204735294117643,16.845213235294118,1.7702843137254902,65.47813970588236,16.0,1047.6,10.04,0.0,0.04675217414274812,"[0.09504885 0.1329698  0.02094352 0.02721846 0.06635089 0.07968578
 0.08003067 0.00581723 0.01738051 0.08924712 0.38530716]",31.352893829345703,30.444599151611328,0.018438411615788936
251800,-0.0053889931878075,19.28508147239685,84.88597647058819,17.063235294117646,16.329669117647057,1.5789705882352942,64.59308823529413,16.09,1039.06,0.05,0.0,0.04687044035643339,"[0.11130224 0.13677005 0.02218372 0.02130287 0.05737402 0.08904887
 0.08418714 0.00721138 0.0119152  0.09738117 0.36132333]",31.455997467041016,31.213768005371094,0.01687209714204073
251900,-0.0056918203923851255,16.811523809432984,85.79970367647053,17.17658088235294,16.780220588235295,1.720735294117647,64.455625,16.05,1034.37,0.13,0.0,0.04915487065911293,"[0.10587655 0.142053   0.01337121 0.01609334 0.04851756 0.10678411
 0.08713835 0.01255298 0.01163921 0.09135327 0.36462045]",28.38082504272461,28.70842933654785,0.01705766730941832
252000,-0.005566799496300519,20.242045516967774,84.71220261437904,16.991670751633986,16.45375408496732,1.6123570261437912,64.14501225490196,16.17,1036.67,0.3,0.0,0.04754721838980913,"[0.10359117 0.15019171 0.0099382  0.0235048  0.05878346 0.08030531
 0.0799807  0.00678878 0.01352662 0.09990226 0.37348697]",31.468765258789062,30.2093448638916,0.01711805195081979
252100,-0.005351626593619585,16.932224111557005,85.8586551960784,17.186950980392155,16.978166666666667,1.8423186274509802,65.11500980392158,16.04,1044.13,3.2,0.0,0.04713290244340897,"[0.10110728 0.15159948 0.03169108 0.01917817 0.04877768 0.09048242
 0.0714915  0.01197279 0.01388893 0.08809728 0.37171337]",30.15341567993164,29.400171279907227,0.016815767521038652
252200,-0.005606756911147386,15.635042819976807,86.35609472222217,17.233998366013072,17.080297385620916,1.8576151960784313,64.90251225490196,16.06,1042.02,0.16,0.0,0.04889434941112995,"[0.10793521 0.12969908 0.02203417 0.01743593 0.07192057 0.07840315
 0.07730775 0.0142016  0.01327041 0.08818157 0.37961054]",31.37885093688965,30.843873977661133,0.017598910238593817
252300,-0.005919107014779002,15.83578169822693,86.04676102941171,17.18297794117647,16.992720588235294,1.815514705882353,64.69900735294118,16.05,1038.26,0.29,0.0,0.05419171161949635,"[0.09591019 0.15765259 0.04396496 0.0118141  0.03641964 0.09310511
 0.0788931  0.00917453 0.0170453  0.08895551 0.36706495]",30.479618072509766,31.312780380249023,0.01836203733459115
252400,-0.00677263070596382,17.746215858459472,85.88099054621844,17.18186449579832,16.912232142857142,1.756297268907563,64.71640756302521,16.06,1038.97,1.33,0.0,0.0593790478259325,"[0.11851872 0.14165509 0.02771481 0.02018909 0.03145762 0.08916692
 0.08402769 0.01371734 0.01186957 0.09198625 0.36969694]",28.615705490112305,28.471017837524414,0.02102538195438683
252500,-0.006555244643241167,18.89554543495178,84.96429303921566,17.019960784313724,16.58922549019608,1.644088235294118,64.382375,16.14,1038.7,0.04,0.0,0.06724626179784536,"[0.1037287  0.13378325 0.0284827  0.02710317 0.04556124 0.09583391
 0.08058905 0.00665628 0.01628368 0.08904038 0.37293765]",29.902328491210938,30.210155487060547,0.020325872870162128
252600,-0.006792508512735367,17.596684608459473,85.46163014705877,17.07716911764706,16.820661764705882,1.7418014705882354,64.74551470588236,16.09,1041.49,0.01,0.0,0.06852169964462519,"[0.10991645 0.12455913 0.03021856 0.04098343 0.03433233 0.09572826
 0.08068593 0.0153206  0.01295228 0.08562766 0.36967537]",30.851808547973633,30.447555541992188,0.019770727390423418
252700,-0.006757902665995062,18.053521156311035,85.24669681372546,17.068272058823528,16.711764705882352,1.6752843137254902,64.86046078431373,16.07,1042.01,0.61,0.0,0.06065009195357561,"[0.10403218 0.12564246 0.04086018 0.01457533 0.05560003 0.08091404
 0.0824924  0.0111761  0.0151952  0.0908589  0.37865317]",30.154590606689453,30.6102352142334,0.020926395021378993
252800,-0.006095200213603675,17.56110640525818,85.28876928104573,17.052446078431373,16.76441503267974,1.8282426470588233,64.98588725490197,16.08,1044.27,0.11,0.0,0.0562206244468689,"[0.12261162 0.1749384  0.02784116 0.00341757 0.01951011 0.09722272
 0.07758456 0.01055758 0.01442319 0.08367182 0.36822125]",28.087648391723633,28.48206901550293,0.018443842837586998
252900,-0.006851391699165106,17.269048852920534,86.23740058823525,17.235323529411765,17.016654411764705,1.8524803921568627,64.9058455882353,16.05,1041.43,1.08,0.0,0.06059453219175339,"[0.09684588 0.13037041 0.03783964 0.01875535 0.06658105 0.07970083
 0.06867541 0.00973765 0.01446961 0.08768102 0.38934314]",30.70969009399414,28.8482608795166,0.019097197400406003
253000,-0.006658278906252235,16.830750093460082,75.55436344537821,17.147809873949583,16.9388025210084,1.8599422268907562,75.20539390756302,15.85,1043.0,11.3,0.0,0.05759906294639222,"[0.11017733 0.12956882 0.02803131 0.01545757 0.0641572  0.10144468
 0.07525196 0.01042412 0.01042774 0.08119067 0.3738686 ]",29.43691062927246,29.44780158996582,0.020104138692840934
253100,-0.005904303633142263,19.018214206695557,85.54687385620912,17.126556372549018,16.714317810457516,1.7059477124183011,64.32179738562093,16.17,1039.64,0.0,0.0,0.05476122345775366,"[0.10427129 0.11795939 0.03637443 0.01801252 0.06706975 0.08990756
 0.08363084 0.01279873 0.01057679 0.0928501  0.36654863]",29.20128059387207,30.690969467163086,0.01840854573994875
253200,-0.0058770808135159315,19.765743293762206,84.61347180926914,17.138082887700534,16.668377005347594,1.605264037433155,65.14024264705883,16.1,1043.72,10.01,0.0,0.055478099025785925,"[0.09781309 0.13882944 0.04022689 0.01406907 0.05149112 0.09054101
 0.08280706 0.01263596 0.01259667 0.08817825 0.37081146]",30.898653030395508,30.434782028198242,0.01771165255922824
253300,-0.005898460510652512,27.629412727355955,80.35930441176465,16.85950980392157,15.9909068627451,1.4308700980392157,67.10677696078432,16.11,1038.68,10.01,0.0,0.05440217304974795,"[1.7327165e-02 1.6088830e-02 8.7860048e-01 2.1723232e-03 3.5699129e-03
 1.0734908e-02 9.5734634e-03 1.0136504e-05 2.6132537e-03 1.0461854e-02
 4.8847593e-02]",48.89867401123047,26.10471534729004,0.017863348592072725
253400,-0.0054547588666900996,24.23269055366516,81.15892734162895,16.937920625942684,16.122550527903467,1.4863482277526396,67.5013455882353,15.92,1049.09,22.06,0.0,0.05318459825590253,"[0.1071005  0.13950746 0.03014007 0.01750746 0.04180254 0.09958109
 0.07472108 0.01258853 0.01544651 0.08905718 0.37254757]",28.361982345581055,28.311647415161133,0.017450464104767888
253500,-0.005989745933329686,30.31005100250244,77.84110143323997,16.598086834733895,15.346470821661997,1.4957137021475255,67.29029190009337,16.18,1044.14,20.02,0.0,0.055483303181827065,"[0.09607411 0.11632926 0.02771136 0.0341537  0.06740107 0.09901725
 0.0753039  0.01125045 0.01327003 0.08252673 0.37696213]",29.631357192993164,30.0584659576416,0.018288077844772488
253600,-0.0056862789066508415,21.96954604148865,80.62567678104575,16.86700980392157,16.296462418300653,1.7378178104575162,68.08797467320261,15.93,1041.14,10.01,0.0,0.0519737552665174,"[0.1145745  0.12605484 0.02373559 0.02743109 0.0520836  0.08625349
 0.07841714 0.01159343 0.01330799 0.09405259 0.37249577]",29.592344284057617,29.84049415588379,0.018035038297530264
253700,-0.0055193410243373365,17.856111488342286,85.42813780112041,17.193653361344538,17.026410714285714,1.8267594537815126,65.6442037815126,16.03,1050.59,10.03,0.0,0.04871131271123886,"[0.11650886 0.14903519 0.02587934 0.01169653 0.04235357 0.10059723
 0.07537431 0.01304517 0.0169399  0.08688076 0.36168915]",30.593624114990234,30.34688949584961,0.01748508174903691
253800,-0.006062727977987379,20.421488885879516,85.35744431372547,17.196230392156863,16.980313725490195,1.8256519607843138,65.43522549019607,16.04,1048.75,11.49,0.0,0.052439630199223757,"[0.10652091 0.13310783 0.02187022 0.01702263 0.06500897 0.08626574
 0.08130305 0.00955029 0.0114835  0.09074133 0.37712553]",29.193546295166016,28.542150497436523,0.019505735812708737
253900,-0.006162804199848324,16.81670895576477,85.8350845588235,17.17203431372549,17.003982843137255,1.7830882352941178,65.11796568627452,15.99,1040.37,2.45,0.0,0.05090286716818809,"[0.10892654 0.10911911 0.02821029 0.0180207  0.0767246  0.08898577
 0.08253629 0.01168382 0.01067283 0.09600986 0.36911017]",29.26804542541504,30.137300491333008,0.018735128492116927
254000,-0.006124287106795237,22.448026647567747,81.8470852941176,17.024632352941175,16.752683823529413,1.7126960784313723,67.8597181372549,15.95,1041.35,10.2,0.0,0.05500323920510709,"[0.10813345 0.13734101 0.03245601 0.01806643 0.0550655  0.0827212
 0.07549769 0.01592967 0.01607673 0.08874999 0.3699623 ]",29.4580135345459,29.719926834106445,0.018998695525806398
254100,-0.005979222355672391,21.601831407546996,80.59139656862742,17.091066176470587,16.89566176470588,1.7961495098039217,69.77905147058824,15.88,1042.89,10.01,0.0,0.05170280416379683,"[0.11624432 0.15163377 0.01305125 0.01859361 0.04749824 0.0877673
 0.07890572 0.01554855 0.01603203 0.08806238 0.36666283]",29.071226119995117,29.37322998046875,0.017601985167711973
254200,-0.006123422621749341,21.62946949005127,83.9926933823529,17.049080882352943,16.72981617647059,1.6256617647058826,65.44816176470589,16.04,1039.38,10.22,0.0,0.05432792911306024,"[0.10734206 0.14725149 0.01857225 0.02337917 0.0500136  0.07954514
 0.07769369 0.01137814 0.02102968 0.09810821 0.36568657]",29.67924690246582,27.96779441833496,0.01883268489036709
254300,-0.006041748299030587,23.68737713813782,74.9806433823529,16.98613970588235,16.723419117647058,1.7530514705882354,73.83511029411765,15.98,1037.74,10.27,0.0,0.053970403014682235,"[0.09867048 0.1383115  0.03380375 0.0239058  0.06693308 0.07785253
 0.07133049 0.02148561 0.0168962  0.0817529  0.36905766]",29.558643341064453,29.263769149780273,0.01957463244907558
254400,-0.005963827093364671,16.917550477981568,86.19817058823524,17.22591911764706,16.933860294117647,1.723125,64.55875,16.07,1037.3,0.01,0.0,0.053549586683511737,"[0.09799252 0.12496913 0.03592448 0.02406601 0.06198578 0.0841557
 0.072619   0.01309859 0.01079744 0.09818392 0.3762074 ]",32.57536315917969,31.5208683013916,0.018877994678914548
254500,-0.005949548548087478,16.802077655792235,85.81394950980388,17.145284313725494,16.8917181372549,1.8041985294117646,65.06586274509804,16.02,1042.24,0.01,0.0,0.05328247644007206,"[0.10281526 0.17582677 0.01845896 0.02212558 0.03030393 0.08108509
 0.07740699 0.00919887 0.02309044 0.08650074 0.37318733]",27.950239181518555,28.272045135498047,0.01804593937471509
254600,-0.007243786016479134,21.995440406799318,84.199835245098,16.996796568627452,16.718524509803924,1.749031862745098,65.62905147058824,16.03,1048.54,10.02,0.0,0.05676819618791342,"[0.11042269 0.1607748  0.00842734 0.02018536 0.04075059 0.08840197
 0.07333679 0.01409836 0.01811229 0.08304031 0.38244948]",28.865066528320312,28.85643196105957,0.025023738024756312
254700,-0.005044047075789422,16.559751930236818,84.70157504901958,17.081588235294117,16.917617647058822,1.8273259803921567,65.905375,15.99,1050.31,10.21,0.0,0.05133844766765833,"[0.10086781 0.17928474 0.01352268 0.01944227 0.0397965  0.0889967
 0.07747775 0.00745686 0.01301547 0.08849773 0.37164155]",29.028146743774414,29.105934143066406,0.01687478905543685
254800,-0.006302777910605073,23.016994647979736,83.18621653576811,17.106258349493643,16.933648055375997,1.776565179918121,67.29087780112044,15.88,1052.28,23.14,0.0,0.051571636907756326,"[0.09767682 0.16461459 0.02091625 0.01382649 0.03825953 0.09273148
 0.07964197 0.00850736 0.01433921 0.09077451 0.37871176]",29.370182037353516,29.470476150512695,0.0180101648485288
254900,-0.0056597670650808144,17.827132415771484,83.67304548573973,17.205398618538325,16.973496657754012,1.8791782531194299,68.03237923351159,15.71,1060.46,30.03,0.0,0.050189474485814574,"[0.09818358 0.15732925 0.0142919  0.01849745 0.05512906 0.08500468
 0.08475579 0.01406284 0.01508067 0.0772405  0.38042423]",29.359731674194336,29.742525100708008,0.017663483158685267
255000,-0.006176415926311165,17.7341104221344,84.32246730392154,17.076940359477124,16.838254084967318,1.8681903594771243,66.53766258169934,15.85,1046.49,10.02,0.0,0.05453946487978101,"[0.10409242 0.12934498 0.03117331 0.02350641 0.05184347 0.07464013
 0.08220968 0.01528389 0.0191204  0.09388441 0.37490085]",30.684980392456055,31.0533390045166,0.01801219119457528
255100,-0.006385320192202925,16.518327798843384,86.12383254901957,17.203889705882354,16.977529411764706,1.7274289215686276,65.23124019607843,16.0,1043.53,0.03,0.0,0.05648822251707315,"[0.10571724 0.12345556 0.03533503 0.0297484  0.05676042 0.08677055
 0.07601321 0.00938428 0.01422548 0.08728741 0.37530243]",31.253862380981445,31.03044319152832,0.019555811332538725
255200,-0.00636591607471928,16.048163499832153,86.06953460784308,17.183531862745095,16.992870098039216,1.8448161764705882,64.9529681372549,16.04,1041.66,0.01,0.0,0.058116406463086606,"[0.10173106 0.12776037 0.02978924 0.01887007 0.066567   0.08704198
 0.08191845 0.0123906  0.01140543 0.08865581 0.37386996]",30.16020393371582,30.71080207824707,0.020156485354527832
255300,-0.006072204785887152,16.541931800842285,85.46235780542983,17.241446266968325,16.983762443438913,1.7706118024132729,65.96941911764706,15.97,1051.08,10.47,0.0,0.04937421517446637,"[0.10372461 0.14682356 0.00992033 0.01874832 0.06093712 0.09176582
 0.07877579 0.00996519 0.01203099 0.09107526 0.37623298]",29.902257919311523,29.56027603149414,0.018690543323755263
255400,-0.005203482054639608,14.890581030845642,86.11482818627448,17.1859068627451,17.040906862745096,1.8693480392156863,65.33253676470588,15.99,1044.52,0.0,0.0,0.04496937286108732,"[0.09574945 0.12582262 0.03177255 0.02121455 0.06058328 0.09329838
 0.07663603 0.01309657 0.01510861 0.09537647 0.3713415 ]",29.78296661376953,29.811845779418945,0.01674394968431443
255500,-0.005684226567391306,14.20757616519928,86.39357730392153,17.237926470588235,17.113000000000003,1.9567034313725489,65.58869607843138,15.89,1042.0,0.09,0.0,0.04697926949709654,"[0.10637782 0.1348007  0.02761494 0.01714947 0.05909608 0.09407347
 0.07474424 0.00374279 0.01228737 0.08789051 0.38222262]",29.645767211914062,29.552738189697266,0.017671384811401368
255600,-0.00505375471082516,16.979993677139284,85.13810648692808,17.269698529411766,16.850846405228758,1.7807393790849673,66.18220016339869,15.94,1047.37,10.01,0.0,0.04249416527338326,"[0.12620327 0.14965631 0.01062121 0.00974311 0.04189686 0.09947475
 0.08050849 0.01310564 0.01147196 0.08409009 0.3732283 ]",29.82736587524414,30.665000915527344,0.016025983854196967
255700,-0.0056306612212210895,18.36768832206726,85.38998406862744,17.063936274509803,16.809120098039216,1.822825980392157,65.09695343137255,16.01,1041.99,0.0,0.0,0.04600482476875186,"[0.1007152  0.1394264  0.02493595 0.01478316 0.06158976 0.07965067
 0.07544751 0.01462876 0.01346415 0.09347977 0.3818787 ]",31.559263229370117,30.906326293945312,0.01661641594953835
255800,-0.0055932534878957085,18.764003620147705,76.9406365476191,17.273494047619046,17.078607142857145,1.9425178571428572,75.19474404761905,15.41,1054.18,40.04,0.0,0.04645039362832904,"[0.1143721  0.13158222 0.01638045 0.02120098 0.05585496 0.0858089
 0.07611569 0.01220259 0.01289951 0.08682419 0.3867584 ]",31.37247085571289,31.3541316986084,0.017204082098905928
255900,-0.0057692472686176185,18.483091888427733,81.10489710784316,17.14851400560224,16.82295763305322,1.8204292717086838,70.15612990196078,15.66,1056.76,30.05,0.0,0.04938250220380724,"[0.09760233 0.14190316 0.02336002 0.02328606 0.05441826 0.08604296
 0.07528692 0.00678593 0.01427864 0.09877306 0.37826264]",28.43393898010254,28.872169494628906,0.01860751671716571
256000,-0.005710434290813282,23.186248149871826,82.01505116013071,17.054338235294118,15.899397875816994,1.408957516339869,67.19904411764706,15.94,1053.11,20.02,0.0,0.04889218114316463,"[0.09652071 0.12597936 0.01211493 0.0303062  0.06854667 0.08419256
 0.08773227 0.01059697 0.02138058 0.08604543 0.3765843 ]",29.045124053955078,28.91025733947754,0.018308903141878545
256100,-0.0055029412545263764,20.001371102333067,77.41101583333338,17.136541666666666,16.55630637254902,1.680112745098039,73.54373774509804,15.44,1043.66,30.14,0.0,0.04661693580914289,"[0.09819107 0.1391507  0.0124115  0.02548871 0.05499781 0.09325828
 0.08114135 0.01175818 0.01691828 0.08289314 0.38379097]",28.657726287841797,29.598508834838867,0.01703522894415073
256200,-0.005228597652749158,18.16895228385925,77.36766794117653,17.17171568627451,16.867813725490194,1.7552205882352943,74.20172549019608,15.54,1043.05,20.02,0.0,0.0446630595671013,"[0.10163312 0.13829002 0.01974715 0.02543923 0.06657963 0.07935774
 0.06800681 0.01525094 0.01700188 0.08488933 0.38380414]",29.824676513671875,29.701868057250977,0.015719219382153825
256300,-0.006060232897289098,18.039316673278808,86.03469918300647,17.21568382352941,16.84457679738562,1.8127630718954248,65.32345016339869,16.01,1045.47,0.01,0.0,0.05072057906538248,"[0.10277763 0.14092575 0.01717892 0.02698502 0.06471523 0.08582386
 0.06894134 0.01171223 0.0141936  0.08931806 0.37742838]",31.589763641357422,30.887542724609375,0.018813201216980813
256400,-0.005831649603787809,15.379309387207032,86.05194985294115,17.197607843137256,16.92426225490196,1.7572867647058823,65.38274264705882,15.91,1040.02,0.02,0.0,0.05015915654599667,"[0.10563093 0.11003755 0.02144321 0.02245253 0.08174296 0.08161013
 0.08192386 0.01628008 0.01989076 0.08649135 0.37249666]",29.535350799560547,29.79648780822754,0.01893199421465397
256500,-0.006051310019101947,15.535549478530884,86.42560799019603,17.275642156862745,16.983656862745097,1.707732843137255,65.3384975490196,15.96,1042.59,0.0,0.0,0.051797776259481905,"[0.10473963 0.11948963 0.01908522 0.01429486 0.07705587 0.09296803
 0.07873306 0.00482193 0.02203186 0.09233429 0.37444562]",30.884204864501953,31.675029754638672,0.019883946124464272
256600,-0.005745341227157042,16.777778816223144,84.7187313235294,17.195095588235294,16.955068627450984,1.8164681372549023,66.93453676470588,15.9,1062.69,20.06,0.0,0.04974907306954265,"[0.10202621 0.12998873 0.01176423 0.01887115 0.07415397 0.08712105
 0.07325839 0.00854949 0.01598462 0.08965833 0.38862386]",29.0759334564209,28.815141677856445,0.018253900897689163
256700,-0.005506398709330824,18.438503980636597,63.99745558823549,17.280901960784316,17.005960784313725,1.843512254901961,88.04509558823528,15.34,1052.68,40.2,0.0,0.047501263547455895,"[0.0980041  0.13461699 0.01746205 0.03043843 0.06291045 0.08679731
 0.07133298 0.01694176 0.01571618 0.08703808 0.37874168]",30.95502471923828,30.805505752563477,0.01782722454168834
256800,-0.005629815370775759,14.394437446594239,86.38981230392153,17.243053921568627,17.07702450980392,1.8842524509803922,65.36933578431372,15.96,1043.18,0.38,0.0,0.04738508723676205,"[0.10526715 0.13739996 0.01313864 0.01944262 0.06527553 0.08904537
 0.08568863 0.00798343 0.01740313 0.09116431 0.3681912 ]",30.127286911010742,30.45392417907715,0.01824217537418008
256900,-0.005393010415136814,17.963357009887694,84.88652779411763,16.992377450980392,16.59775,1.7393676470588235,65.1283480392157,15.94,1037.68,0.01,0.0,0.04726497393101454,"[0.11336504 0.14305186 0.01965223 0.01388054 0.04671367 0.09322502
 0.07794966 0.01156056 0.01830727 0.08670688 0.37558725]",28.572526931762695,29.316917419433594,0.017113386783748866
257000,-0.006190995452925563,15.645338468551635,86.12585014705878,17.207063725490194,16.982725490196078,1.7858137254901962,65.52973284313727,16.0,1048.33,0.35,0.0,0.055136099085211755,"[0.09269674 0.12877294 0.03583768 0.0305897  0.0625305  0.07853303
 0.07237568 0.00933905 0.01688185 0.0817579  0.39068487]",30.55140495300293,29.339378356933594,0.01986020874232054
257100,-0.00687099909875542,19.812828826904298,85.29761112745092,17.136335784313726,16.45457107843137,1.4865441176470586,64.83273284313725,15.99,1036.24,0.01,0.0,0.06253957338631153,"[0.11518791 0.13549775 0.00864249 0.02623898 0.04447549 0.10864296
 0.07605825 0.01033633 0.01646838 0.08175768 0.3766938 ]",26.591487884521484,27.588544845581055,0.022713841972872614
257200,-0.005929814405390061,27.032272024154665,70.98176030112056,16.86855415499533,15.925398109243696,1.409346638655462,76.67599673202614,15.89,1049.34,30.08,0.0,0.0527453086595051,"[0.09230154 0.12046938 0.02430699 0.0421842  0.05511992 0.08532508
 0.0792677  0.00878335 0.01994231 0.09864303 0.37365648]",31.688129425048828,30.944154739379883,0.019027988475281744
257300,-0.00651545733679086,20.161455717086792,83.55170271241828,16.939490270350564,16.42831788472965,1.6688395721925133,65.98093456625074,15.96,1047.9,10.02,0.0,0.06312351470813155,"[0.11610486 0.13832037 0.0161774  0.02017202 0.04772946 0.08616324
 0.07709149 0.01136761 0.0200478  0.09151013 0.37531564]",28.723554611206055,29.359895706176758,0.021669976364355536
257400,-0.0065729226008988915,17.418806800842287,85.43182120663643,17.108812405731523,16.818292797888386,1.8274027149321268,65.51279279788838,15.92,1042.38,1.76,0.0,0.05506616730242968,"[0.11211395 0.14019728 0.02592962 0.0138604  0.04918988 0.09241822
 0.07557584 0.00757295 0.01894183 0.08465238 0.37954763]",28.740671157836914,28.817956924438477,0.020388967199251054
