epoch,loss_pi,loss_vf,returns,fireworks,scores,lives,epi_length,num_epis,batch_size,illegal_moves,epsilon,entropy,avg_probs,avg_value,avg_target
236100,-0.02931518657808943,9467.607799899193,1916.4172974383298,19.17800442757748,17.826375711574954,1.4479127134724856,63.76523561037318,16.193548387096776,1031.4516129032259,10.419354838709678,0.0,0.1823479220751793,"[0.11570637 0.0504777  0.02208507 0.04595997 0.09060933 0.08076026
 0.1043636  0.00864618 0.01699541 0.10291895 0.36147717]",721.3939208984375,705.2064819335938
236200,-0.028864372696261853,8441.765424804687,1937.8571917156864,19.38835049019608,17.988266339869284,1.4393071895424836,64.27683088235294,16.11,1034.9,3.06,0.0,0.19267093241214753,"[0.09229608 0.07027854 0.01576911 0.04696136 0.06656181 0.10491505
 0.10222401 0.01402619 0.02268493 0.09852507 0.36575782]",737.5789794921875,745.32080078125
236300,-0.02728904817602597,9525.837905273438,1918.8558476350183,19.201432533539734,17.399348125215,1.401017156862745,63.271506062951495,16.28,1029.11,1.69,0.0,0.19578452080488204,"[0.09942752 0.08348142 0.015108   0.04446335 0.0600984  0.10267116
 0.09296704 0.013843   0.01601437 0.10773543 0.3641903 ]",688.9346313476562,710.980712890625
236400,-0.025078670023940503,9731.555539550782,1921.7073362464982,19.24019222689076,17.232015873015875,1.331485877684407,63.83757294584498,16.32,1032.93,7.05,0.0,0.18371448546648025,"[0.09662964 0.08701386 0.02207681 0.02995728 0.07069315 0.0957559
 0.11070939 0.01142607 0.0193662  0.09808239 0.35828933]",695.9440307617188,689.820556640625
236500,-0.02576475730747916,9026.043427734376,1924.7860593954247,19.26164215686275,17.46953431372549,1.3751838235294118,63.23988562091503,16.26,1027.7,3.56,0.0,0.18606277212500572,"[0.1084442  0.08026744 0.01359177 0.05503021 0.06744308 0.08840503
 0.08877243 0.00871789 0.02679494 0.10026891 0.36226413]",738.8119506835938,727.6849975585938
236600,-0.03207023662980646,9316.4544140625,1926.8523231209144,19.28326388888889,17.189922385620914,1.325857843137255,62.54087826797386,16.38,1023.48,0.66,0.0,0.21854935884475707,"[0.11423696 0.08017884 0.00847837 0.04047823 0.06560116 0.13019446
 0.08017021 0.01590618 0.01429744 0.100946   0.34951216]",717.7793579101562,724.7158813476562
236700,-0.02871252295328304,9482.132607421874,1928.4920555139624,19.302850118835412,17.314239973262033,1.3384539512774807,63.10505674390968,16.3,1025.56,5.11,0.0,0.19301625698804856,"[0.10386911 0.07668043 0.02288406 0.02988123 0.07715899 0.08551913
 0.09513759 0.01583674 0.01708327 0.10795189 0.36799756]",736.5479125976562,737.1062622070312
236800,-0.026824112889589743,9145.121923828125,1914.4787801470584,19.176454248366014,16.612275326797384,1.2324142156862745,64.24904411764706,16.25,1035.59,11.67,0.0,0.19742288060486315,"[0.10284243 0.09974156 0.0120708  0.03909988 0.06684825 0.07718247
 0.09996179 0.01412731 0.02015498 0.10174996 0.3662206 ]",664.6270751953125,670.5780639648438
236900,-0.02196721621323377,9533.1184375,1915.7283868347336,19.173807189542487,17.614611928104573,1.3654289215686273,63.486429738562094,16.23,1025.49,7.23,0.0,0.17994992285966874,"[0.11576787 0.0686247  0.00655088 0.05611704 0.06046943 0.09795136
 0.11060195 0.0139662  0.0198362  0.10502288 0.3450915 ]",696.7279663085938,721.8709106445312
237000,-0.024782892090734095,9077.827158203125,1934.264796720768,19.356554824561403,17.653743894048848,1.3538848508302843,63.2780594059793,16.24,1025.22,3.81,0.0,0.21100597977638244,"[0.11237648 0.0641797  0.00984244 0.03640809 0.08252073 0.10751444
 0.07786664 0.00802847 0.02066419 0.10960877 0.37099007]",737.7902221679688,731.404296875
237100,-0.026290270157624036,9698.400815429688,1905.2592812745095,19.064620915032677,17.31975408496732,1.3516184640522875,63.238356209150325,16.33,1031.66,1.09,0.0,0.22014408588409423,"[0.11429606 0.07075034 0.01119776 0.04134546 0.07247592 0.08966307
 0.09933162 0.01051019 0.01758234 0.11296076 0.3598865 ]",705.044189453125,722.6632690429688
237200,-0.028595708924112843,8647.994919433593,1927.5929478197943,19.296776960784314,17.69475175070028,1.394637488328665,64.35813480392157,16.16,1035.43,13.86,0.0,0.20452021278440952,"[0.11725467 0.05503481 0.00810492 0.03910921 0.08947781 0.09194835
 0.09064455 0.01355507 0.02054306 0.10498674 0.36934078]",725.4951782226562,723.8779907226562
237300,-0.026816752618178726,9257.313081054688,1911.4979028104572,19.123959150326797,17.716169117647055,1.4466209150326799,63.223450980392165,16.3,1029.59,1.76,0.0,0.19858463883399963,"[0.08264182 0.0621179  0.01107057 0.04790249 0.10587891 0.110989
 0.07533643 0.00979026 0.01011706 0.11609863 0.36805698]",741.152587890625,737.414306640625
237400,-0.024113608195330018,8402.066069335937,1945.5425393962842,19.46330688854489,18.05360874613003,1.4558591331269348,63.40153250773994,16.22,1027.8,0.64,0.0,0.20122513234615325,"[0.11007942 0.06105443 0.00577774 0.04377681 0.07731757 0.10423361
 0.08254185 0.00765707 0.01377167 0.10831349 0.38547635]",735.189208984375,738.56494140625
237500,-0.02719787172274664,10746.501831054688,1917.8106686764702,19.204059640522875,16.070186274509805,1.1949436274509804,62.07368218954247,16.61,1029.55,1.32,0.0,0.21961206391453744,"[0.10070906 0.05985941 0.00567672 0.04595847 0.07128146 0.0679066
 0.10830346 0.01301941 0.02179779 0.09747579 0.40801182]",653.3284301757812,637.9630737304688
237600,-0.025602196445688605,9193.367824707031,1933.3190092973853,19.36221977124183,16.986074346405232,1.2790130718954247,64.29691421568627,16.2,1034.22,11.66,0.0,0.20578678220510482,"[0.08517427 0.08670492 0.00753382 0.03638034 0.08494164 0.0881851
 0.11563796 0.01595533 0.01397406 0.10709056 0.35842198]",718.2346801757812,705.143310546875
237700,-0.026818900502985344,9094.138359375,1931.1907528190595,19.382155806611692,16.093830346124463,1.179265580008227,67.75020114281143,15.86,1052.17,45.73,0.0,0.2090601520240307,"[0.1159701  0.05283234 0.00904746 0.04216551 0.07673064 0.07978627
 0.11690301 0.01011782 0.02033725 0.10490152 0.37120807]",721.1942749023438,718.5409545898438
237800,-0.023758909163298085,8552.681088867188,1936.7117217986588,19.41340886809269,17.328169807316865,1.3102233469145232,67.23570279475427,15.71,1046.78,40.21,0.0,0.19977009013295174,"[0.1044632  0.06792416 0.00675333 0.04041463 0.06653941 0.12228555
 0.0889531  0.01425032 0.02252119 0.09890023 0.36699486]",674.23193359375,700.3258056640625
237900,-0.0297333372104913,8574.153693847657,1947.4073893922252,19.516721330956628,17.81166889483066,1.4111747966086206,66.96219051944787,16.02,1045.56,23.86,0.0,0.20296947464346884,"[0.09111197 0.07574911 0.02833509 0.02848634 0.06508472 0.08664525
 0.10247152 0.01709636 0.02111046 0.10925372 0.37465546]",746.8474731445312,734.7990112304688
238000,-0.025389819742413236,8958.83887939453,1931.991953126481,19.346617108381814,17.782642560870503,1.4382222312001722,64.85439703188969,16.12,1031.23,14.13,0.0,0.2014282378181815,"[0.08254281 0.09051149 0.02069336 0.03822935 0.06891226 0.1038112
 0.10628054 0.01156261 0.01717219 0.10562473 0.35465947]",710.9714965820312,714.1896362304688
238100,-0.029049770267447456,8748.43427734375,1950.7217114379082,19.520478758169933,17.61241503267974,1.4359150326797385,63.39800653594771,16.3,1032.47,1.28,0.0,0.19065673276782036,"[0.09661592 0.05879453 0.03025908 0.03509055 0.10210905 0.09891142
 0.08030418 0.01422012 0.01700072 0.10335039 0.36334404]",740.007080078125,733.636474609375
238200,-0.023808990740217268,8478.92707763672,1937.5003116327298,19.44022156683186,17.647021196940315,1.4195295374560077,69.07451300007182,15.73,1043.12,38.51,0.0,0.19241008434444665,"[0.11083364 0.0696146  0.01016495 0.04420283 0.06552614 0.09183171
 0.0990955  0.01367193 0.01778549 0.11025677 0.36701643]",699.238525390625,711.3026123046875
238300,-0.02937735977116972,8729.12865234375,1929.2852428688136,19.316622899159665,17.328423202614378,1.3753343837535015,64.48245273109244,16.21,1044.1,15.44,0.0,0.20942022040486336,"[0.10792047 0.07108369 0.00653705 0.03797333 0.07000072 0.10877555
 0.0935721  0.01244857 0.00804721 0.10404446 0.37959683]",731.6322631835938,732.2518310546875
238400,-0.02750632782233879,9174.13802734375,1930.2356758397968,19.32420577461754,17.08359197909933,1.334134938590821,64.4454421999569,16.08,1034.92,7.56,0.0,0.20668434247374534,"[0.11930725 0.07289613 0.01597438 0.0331124  0.06539072 0.09528711
 0.08827493 0.01063009 0.01244126 0.10856111 0.37812456]",731.3396606445312,714.90283203125
238500,-0.02583831702475436,8571.288950195312,1942.472007492997,19.44377194211018,17.790235410831,1.4233983426704016,64.65256897759103,16.12,1039.88,12.56,0.0,0.21374806851148606,"[0.12311453 0.05966458 0.01507639 0.03250714 0.07932894 0.08205827
 0.08225783 0.00873468 0.01618198 0.10683172 0.3942439 ]",700.8558349609375,693.0275268554688
238600,-0.025995917229447513,10213.172705078125,1928.5200491013072,19.30562908496732,16.715547385620916,1.2447998366013073,62.5054044117647,16.44,1026.6,1.52,0.0,0.21977967649698257,"[0.10006754 0.08620822 0.00993498 0.04347476 0.06292249 0.11038907
 0.09999844 0.0086643  0.01677546 0.09975819 0.36180657]",704.208251953125,708.49072265625
238700,-0.03038577094208449,10991.39349609375,1924.2325870915029,19.271527777777777,15.759407679738564,1.0891748366013072,61.99800653594771,16.61,1028.76,0.67,0.0,0.23432564869523048,"[0.09035359 0.07621633 0.02041141 0.05756965 0.05528745 0.09089633
 0.08933358 0.00591684 0.02158098 0.10944653 0.3829873 ]",731.7010498046875,712.3507690429688
238800,-0.0289470457425341,9977.294580078125,1933.9418564542482,19.36202264239029,16.879938141923436,1.2010860177404294,63.20261204481793,16.33,1030.87,6.27,0.0,0.21738924950361252,"[0.08815206 0.05514322 0.02782356 0.05274941 0.08644664 0.10173099
 0.10526946 0.01229117 0.01429259 0.10313354 0.35296735]",740.9117431640625,739.6680297851562
238900,-0.027215563795762135,8082.390944824218,1954.9082256862741,19.555698529411767,18.33423774509804,1.4685220588235293,63.916965686274516,16.13,1030.59,1.49,0.0,0.2124737675487995,"[0.0924713  0.05596557 0.02684527 0.03288684 0.09074409 0.0984977
 0.09340612 0.00896837 0.01800034 0.12149416 0.36072025]",732.1285400390625,747.3111572265625
239000,-0.02516620700713247,8877.47734741211,1937.8807577614375,19.41359885620915,18.0465522875817,1.434505718954248,66.05017565359478,16.13,1029.23,8.74,0.0,0.20580870412290098,"[0.12716255 0.05499976 0.00683231 0.04541944 0.06689934 0.10086602
 0.09257492 0.01046139 0.01763407 0.09208819 0.38506198]",696.514404296875,691.3330078125
239100,-0.025643847226165237,8687.237290039062,1935.171100931372,19.364848039215687,17.761399509803923,1.426234477124183,63.637552287581705,16.21,1030.89,5.25,0.0,0.20960481017827987,"[0.10912023 0.07114627 0.00834921 0.0533823  0.06569118 0.09847394
 0.08492225 0.01245027 0.01346906 0.1057639  0.3772314 ]",734.7503662109375,726.5778198242188
239200,-0.03068109244690277,8959.381245117187,1932.084994236874,19.37031384220355,15.791158281261222,1.1403413147310204,65.40163827838828,16.03,1046.75,29.45,0.0,0.20880327187478542,"[0.08539703 0.09058614 0.01338693 0.03888394 0.06466072 0.08406306
 0.10932988 0.00994438 0.01992873 0.1161337  0.3676855 ]",714.3621826171875,724.6005859375
239300,-0.024584304561140014,8677.463940429687,1923.7890034933205,19.256676003734825,17.168204634417872,1.299283963585434,63.90991686418157,16.13,1029.45,5.67,0.0,0.21378229588270187,"[0.13936909 0.05845417 0.01861731 0.04004959 0.07047975 0.10720503
 0.08886318 0.00746499 0.01459962 0.10521051 0.3496868 ]",691.384521484375,695.38623046875
239400,-0.0280280367936939,9234.781962890625,1931.2820224673198,19.34075571895425,16.211225490196078,1.1776838235294118,62.306944444444454,16.58,1032.24,4.84,0.0,0.21337801307439805,"[0.116267   0.06050285 0.01858299 0.03336544 0.07567985 0.08795015
 0.10759319 0.00892926 0.01768445 0.11017928 0.3632656 ]",710.9548950195312,714.4916381835938
239500,-0.02495554885128513,9578.406564941406,1912.871482091503,19.159129901960785,16.268803104575163,1.1681830065359478,63.323854575163395,16.31,1028.19,8.49,0.0,0.20124604150652886,"[0.10578204 0.08255254 0.01038176 0.04443955 0.05205549 0.09006108
 0.11679074 0.01158994 0.02126746 0.11278694 0.35229245]",701.2310791015625,720.94384765625
239600,-0.02905527359456755,10119.219428710938,1906.75711743464,19.109094771241832,16.207948529411766,1.1992238562091504,64.29036928104576,16.25,1032.34,17.36,0.0,0.20242124505341053,"[0.10356539 0.06118754 0.01338264 0.06490684 0.05768433 0.08054902
 0.10465503 0.01627144 0.01493572 0.11284036 0.37002164]",729.24755859375,724.3821411132812
239700,-0.026599708388675935,9791.064951171875,1920.3204652684403,19.22763013538749,17.08006500933707,1.237295284780579,63.73191164799254,16.37,1040.54,12.74,0.0,0.20955243572592736,"[0.08687256 0.0846707  0.01615583 0.05326176 0.06047601 0.10824022
 0.10190141 0.014265   0.0245299  0.09856835 0.35105824]",698.9749145507812,707.0567016601562
239800,-0.026677461887011304,9529.97345703125,1919.421930310457,19.210178104575164,17.190214869281046,1.3017132352941174,63.32421241830066,16.29,1030.7,2.63,0.0,0.1954949577152729,"[0.08429059 0.07845034 0.04807767 0.04880397 0.0733824  0.05905613
 0.09622254 0.0156616  0.01896647 0.10609306 0.37099528]",734.2516479492188,682.1033325195312
239900,-0.023949187118560075,9392.28251953125,1926.3954261928102,19.277667483660128,17.443473039215686,1.3539738562091503,62.63431862745097,16.44,1028.6,2.55,0.0,0.20091771915555,"[0.10204896 0.0809439  0.01486869 0.05327081 0.05296853 0.09077907
 0.10130568 0.00585394 0.0162671  0.11666585 0.36502752]",695.6879272460938,703.4005737304688
240000,-0.02839332864736207,8750.308903808595,1926.4869433006534,19.288574346405227,17.590241013071896,1.3629861111111108,64.68711192810457,16.16,1036.73,12.19,0.0,0.2106442753970623,"[0.10511832 0.06370306 0.03295917 0.04705867 0.06843347 0.10353895
 0.08840724 0.01358304 0.01295851 0.10591124 0.35832834]",744.0769653320312,743.0717163085938
240100,-0.02641435368801467,10049.197661132812,1924.1036702450979,19.264718954248366,16.712874183006537,1.193249183006536,63.06139787581699,16.33,1027.84,5.63,0.0,0.1982382544875145,"[0.08847432 0.09421517 0.02310201 0.03308968 0.06543363 0.08269461
 0.11495297 0.01544164 0.02647588 0.11097481 0.34514526]",741.6474609375,737.8781127929688
240200,-0.026387762886006385,8928.5848046875,1935.8141737739713,19.399716413488473,16.908846180780007,1.2839280058177118,66.13048550958845,15.87,1041.76,27.43,0.0,0.2125795043259859,"[0.10500154 0.07784191 0.01317772 0.04198262 0.05751321 0.09431175
 0.10184727 0.00685048 0.01949607 0.1093742  0.37260327]",734.6574096679688,732.1439819335938
240300,-0.02977614643983543,9179.371000976562,1931.7345208006532,19.346495915032683,16.624718954248365,1.1997107843137256,63.902830065359474,16.15,1028.57,10.22,0.0,0.21850884318351746,"[0.09572336 0.07972725 0.01456274 0.05223195 0.06261824 0.1008873
 0.10742552 0.01039373 0.02069278 0.11361933 0.3421178 ]",730.2108764648438,733.46240234375
240400,-0.027569553612265735,10065.810288085937,1915.9893998039215,19.175308006535946,17.13095179738562,1.3083815359477127,62.67678267973857,16.46,1030.53,2.13,0.0,0.21361876279115677,"[0.08655106 0.06358573 0.01788855 0.03498552 0.09302449 0.07872093
 0.10828804 0.01534562 0.01605782 0.10698124 0.378571  ]",738.99853515625,711.134033203125
240500,-0.02671700504142791,9668.275522460937,1932.3559160442655,19.349399584076053,17.054375,1.2869431075460485,63.90021954842543,16.16,1027.5,10.53,0.0,0.20399854227900505,"[0.08693    0.09500337 0.01016634 0.03399603 0.05287018 0.12791276
 0.09869315 0.01765576 0.01683896 0.09846513 0.36146834]",682.3623657226562,693.5888671875
240600,-0.02990297275595367,8843.683168945312,1951.6716122712417,19.53529656862745,17.26132516339869,1.3058316993464052,63.65192565359477,16.2,1030.59,3.45,0.0,0.20583129689097404,"[0.0960526  0.0824077  0.01727774 0.04818346 0.07091432 0.08935355
 0.09327464 0.01226685 0.0177235  0.10350771 0.36903796]",741.6533203125,704.7144775390625
240700,-0.025055988325038924,9668.356591796875,1922.4541106209147,19.244754901960782,16.717593954248365,1.230437091503268,62.760682189542486,16.45,1031.48,1.57,0.0,0.20275595501065255,"[0.09771622 0.07403325 0.01824784 0.03265643 0.07752044 0.10444845
 0.09187138 0.01239763 0.01628732 0.11266662 0.3621544 ]",761.17431640625,738.59375
240800,-0.02671179783064872,9697.987895507813,1942.7777004047423,19.479028433984315,16.09455895411778,1.130017945290004,65.71284750461956,15.91,1038.65,31.16,0.0,0.2131516332924366,"[0.11822528 0.0730558  0.01259204 0.02574815 0.06525233 0.09024946
 0.12475967 0.01247481 0.01536857 0.09367698 0.36859697]",667.8953857421875,681.4420166015625
240900,-0.023480580194154756,9364.665087890626,1933.171216326109,19.349909700722396,17.459956011351906,1.356390737874097,64.12614847781218,16.26,1041.01,8.75,0.0,0.21324714586138727,"[0.10577284 0.0677959  0.01575304 0.0370165  0.09047142 0.07595593
 0.09733935 0.01632612 0.01910049 0.11367829 0.36079016]",729.6642456054688,720.5424194335938
241000,-0.02816451160237193,10026.282563476563,1912.2403306372546,19.1440204248366,16.467962418300655,1.1708071895424836,61.84881862745098,16.62,1027.06,1.96,0.0,0.19907671824097634,"[0.10131908 0.06833092 0.02214927 0.0407214  0.08138195 0.09119383
 0.10351281 0.01829329 0.01552794 0.10782706 0.34974244]",712.240966796875,709.5126342773438
241100,-0.027062688069418073,9490.264106445313,1924.739258611111,19.257345588235296,17.763338235294118,1.3923112745098039,62.58322957516341,16.39,1025.03,2.42,0.0,0.19466898933053017,"[0.10180923 0.0730353  0.02008133 0.03489574 0.08473462 0.09063517
 0.08779965 0.01110285 0.01843459 0.10909925 0.36837223]",745.468017578125,720.513671875
241200,-0.02852784205460921,9696.456157226563,1934.549336157796,19.36888655462185,17.15127509337068,1.2589005602240895,63.089164915966386,16.48,1037.1,10.79,0.0,0.189764738753438,"[0.08539572 0.0863956  0.01371694 0.02678128 0.08819447 0.10145613
 0.11052646 0.01098583 0.01452213 0.11331581 0.34870964]",731.445556640625,730.0904541015625
241300,-0.025602038028882817,9915.12646484375,1919.4635703541942,19.216292631087523,16.615507488082955,1.2059584316182614,62.28273014030173,16.51,1027.07,2.98,0.0,0.1824713583290577,"[0.09420512 0.07541788 0.02656579 0.03222278 0.09280542 0.07630541
 0.0989175  0.02041115 0.01491436 0.11133    0.3569046 ]",733.29638671875,718.5859375
241400,-0.022499669165117666,9221.150827636719,1928.5176450163397,19.306801470588233,17.244133986928105,1.309591503267974,62.95729983660131,16.42,1032.85,12.36,0.0,0.18024642407894134,"[0.09659759 0.08316084 0.0180429  0.02474387 0.08690417 0.10957105
 0.09413911 0.01264425 0.01987788 0.10181541 0.3525029 ]",710.461181640625,721.1715087890625
241500,-0.026051751419436185,9068.733100585938,1929.8930060130715,19.31277205882353,17.381493464052287,1.3458096405228759,62.788573529411764,16.35,1025.85,1.7,0.0,0.18426529571413994,"[0.12978272 0.06735775 0.00955175 0.02693425 0.07694091 0.09531011
 0.10189193 0.00819756 0.01666683 0.09834702 0.3690192 ]",726.4891357421875,711.5936889648438
241600,-0.026298879596870394,9061.763994140625,1934.6068183006532,19.359330065359476,17.49859885620915,1.3845424836601308,63.237928921568624,16.25,1026.97,1.85,0.0,0.1879705712199211,"[0.09361573 0.08082356 0.01436218 0.03657722 0.08505996 0.09347489
 0.11294241 0.00834583 0.01556924 0.11461641 0.3446126 ]",748.400390625,742.4659423828125
241700,-0.02576920768653508,9230.49345703125,1935.290624264705,19.35871323529412,18.144730392156863,1.4370057189542484,62.2256454248366,16.45,1022.81,1.29,0.0,0.1904402680695057,"[0.10408919 0.07728536 0.01303925 0.02927045 0.09143716 0.08687224
 0.10657564 0.00893046 0.02093025 0.10241438 0.3591556 ]",743.7457885742188,745.1441040039062
241800,-0.028665569486329333,9043.563212890625,1948.3520727124178,19.492271241830068,17.956805555555558,1.3865073529411764,62.16812908496732,16.47,1023.28,0.98,0.0,0.1895250153541565,"[0.08716771 0.09734701 0.01436768 0.03100815 0.09562162 0.09053598
 0.10066945 0.01165434 0.01645575 0.10589464 0.34927765]",764.592041015625,744.5078735351562
241900,-0.02674220095272176,8349.757729492187,1949.77435620915,19.50514705882353,18.119767156862746,1.524795751633987,62.89316993464052,16.23,1020.25,1.0,0.0,0.18897849053144455,"[0.07690135 0.09520403 0.01520796 0.03752377 0.07776286 0.09620592
 0.10410286 0.01003925 0.02070877 0.11279476 0.3535485 ]",743.0228271484375,746.3192749023438
242000,-0.02937109678401612,9115.658168945312,1932.24512377451,19.338243464052283,17.14765522875817,1.3027532679738563,62.45940359477124,16.43,1025.47,0.55,0.0,0.19937387600541115,"[0.08305288 0.09714358 0.01408844 0.03432707 0.05882776 0.12037002
 0.10646868 0.01382576 0.02018503 0.10044656 0.3512643 ]",708.4027709960938,734.11083984375
242100,-0.028390143460128456,9852.866362304687,1941.7485396241825,19.440069444444443,16.563508986928106,1.1874795751633986,62.109097222222225,16.55,1026.94,0.57,0.0,0.19267183139920235,"[0.10673276 0.07597329 0.02641365 0.03404967 0.06297692 0.11207477
 0.09051774 0.0106752  0.01588219 0.09886529 0.3658385 ]",697.5926513671875,707.1322631835938
242200,-0.024281977713108062,8806.616577148438,1935.516157208462,19.3886429677134,16.49256083222763,1.2547836871590743,64.63083259619638,16.13,1039.84,14.93,0.0,0.1868996437638998,"[0.1018987  0.06929836 0.01646747 0.02996609 0.09278093 0.08471589
 0.0946194  0.00918456 0.01860934 0.11810809 0.36435115]",703.3506469726562,702.5535888671875
242300,-0.023140607746317984,8927.220476074219,1945.647684705882,19.495380718954248,16.122986928104577,1.1927009803921569,64.45026879084968,16.11,1029.94,10.22,0.0,0.18611804246902466,"[0.09088359 0.0644063  0.01317267 0.03113113 0.09884969 0.08273336
 0.10690784 0.00603133 0.01746427 0.11733429 0.37108552]",742.7470703125,751.061279296875
242400,-0.02396400511614047,9158.877104492187,1934.9488135714284,19.38561683006536,16.885645541549952,1.30515639589169,65.27847584033614,16.06,1040.15,19.82,0.0,0.19093463867902755,"[0.10698424 0.07487755 0.02142148 0.02638274 0.08836637 0.09817743
 0.09473441 0.00778217 0.0139002  0.10668601 0.3606874 ]",729.8440551757812,731.4226684570312
242500,-0.026900155489565803,8865.703017578126,1946.2438124183004,19.475498366013074,17.595408496732027,1.4020343137254903,63.37104983660131,16.25,1029.24,1.15,0.0,0.19732445746660232,"[0.08916834 0.0724074  0.01690506 0.03509075 0.09744313 0.07744835
 0.11511567 0.00802828 0.01531636 0.10952202 0.3635546 ]",747.2059936523438,727.2685546875
242600,-0.02260238949325867,9772.839951171874,1940.7786968911248,19.423485552115583,17.246738261093913,1.2718049105607154,62.394924750601994,16.42,1023.52,1.15,0.0,0.19709077194333077,"[0.10352574 0.08907333 0.01833135 0.02003876 0.08212449 0.09149069
 0.1114256  0.00809854 0.01466017 0.11109794 0.3501334 ]",712.3883056640625,720.734619140625
242700,-0.02543758608866483,9740.14224609375,1946.6895104575158,19.480669934640524,17.460232843137256,1.3325367647058823,62.99919934640522,16.31,1026.8,0.66,0.0,0.19872495979070665,"[0.09381124 0.07519    0.01860381 0.03731839 0.08689065 0.08669166
 0.12269233 0.01135901 0.01682416 0.09982216 0.3507966 ]",705.145263671875,709.85009765625
242800,-0.027375806173076854,8532.254677734374,1943.9485421820004,19.456975238813474,17.30223667672197,1.2737597410759176,63.257428355957764,16.23,1025.67,3.49,0.0,0.19601591899991036,"[0.10661568 0.05127949 0.01903037 0.05919133 0.07607342 0.09472471
 0.09540452 0.01136844 0.02363905 0.11043253 0.35224047]",759.2335815429688,746.6202392578125
242900,-0.02881322873290628,8292.571708984375,1932.7142314168993,19.337314659197013,18.3008664799253,1.499360644257703,63.22622327264239,16.21,1024.09,10.27,0.0,0.18930532708764075,"[0.1104899  0.07178957 0.01170236 0.0436323  0.07038057 0.10961593
 0.0984313  0.00877784 0.01949434 0.10302076 0.3526651 ]",713.5466918945312,731.8738403320312
243000,-0.026574873198987915,9201.344165039063,1926.5487228758168,19.276376633986928,17.699975490196078,1.38328431372549,62.6501838235294,16.34,1022.94,2.86,0.0,0.18924484074115752,"[0.08574609 0.08164059 0.01868078 0.04628578 0.0840872  0.09194767
 0.10434238 0.01147323 0.01529483 0.10927065 0.35123083]",707.4267578125,698.7896118164062
243100,-0.021319956772495062,9989.68615234375,1916.8648063725484,19.18270424836601,17.19707107843137,1.3295792483660132,62.38897875816993,16.46,1026.26,1.26,0.0,0.20042977049946786,"[0.10259863 0.06195219 0.01253262 0.03824037 0.08453099 0.1049703
 0.10318232 0.01076102 0.01719307 0.12176473 0.34227374]",741.0319213867188,754.818115234375
243200,-0.027715309804771094,9242.388745117187,1930.7939071895426,19.322855392156864,17.27583333333333,1.2809313725490197,62.533031045751635,16.44,1027.16,1.75,0.0,0.1927603766322136,"[0.09153745 0.06783102 0.01891855 0.04041293 0.07555803 0.11965941
 0.09078451 0.00911645 0.01856562 0.09965821 0.36795783]",745.7103271484375,745.0736694335938
243300,-0.024538810331141577,8684.269575195312,1951.615044929955,19.556186742995568,18.003220313999726,1.4173503530782943,66.93810554641438,15.96,1055.46,36.14,0.0,0.19765123881399632,"[0.08815836 0.07061423 0.01450425 0.03568914 0.07899792 0.10948926
 0.09038687 0.01290142 0.0183387  0.111706   0.36921382]",725.679443359375,745.0607299804688
243400,-0.02811941402265802,8689.61123046875,1948.7656488089092,19.497296181630546,17.910691434468525,1.3787216202270383,63.166978844169236,16.28,1027.63,0.78,0.0,0.2065420027077198,"[0.09459034 0.07645157 0.02543083 0.04844144 0.06583931 0.08976708
 0.10890461 0.01463842 0.01778832 0.10012246 0.3580256 ]",734.4739990234375,734.1090087890625
243500,-0.028395357166882604,9355.373955078125,1918.7249558006533,19.19886846405229,17.437708333333333,1.3043218954248366,62.23030637254902,16.44,1022.24,0.84,0.0,0.20356553599238394,"[0.10403365 0.09091222 0.01752893 0.03457023 0.06738663 0.08133208
 0.10857093 0.00595708 0.02097913 0.10265992 0.36606917]",728.3694458007812,712.26513671875
243600,-0.024034799874061718,8645.4140625,1940.9022066176467,19.421617647058824,17.58036764705882,1.3688235294117646,62.906911764705875,16.33,1026.67,0.89,0.0,0.19412249475717544,"[0.1102265  0.07768144 0.00778699 0.04744184 0.0486662  0.11216785
 0.10963648 0.0165536  0.01484776 0.11111169 0.34387964]",693.5003662109375,719.880859375
243700,-0.024447061667451635,9747.531791992187,1908.2838654798759,19.100766683866528,16.778405357757137,1.274186661506708,62.16623323013416,16.52,1025.72,1.59,0.0,0.2006017053127289,"[0.09612291 0.08101583 0.01040654 0.05051992 0.070052   0.11121557
 0.09613405 0.01398602 0.01521254 0.09703443 0.35830018]",718.0424194335938,721.7117309570312
243800,-0.026789616541936994,9233.3678515625,1940.3616516210866,19.416688381492946,17.51033840729274,1.3894437994496043,62.940479661162705,16.32,1026.23,0.8,0.0,0.2150235740840435,"[0.11870359 0.05683938 0.01004751 0.03629528 0.08494788 0.10405715
 0.08330052 0.00886105 0.01721097 0.11453407 0.3652026 ]",770.540283203125,773.6163940429688
243900,-0.02733921368373558,8389.389853515626,1948.79400550887,19.512710667600373,17.587308006535945,1.3798535247432306,64.6726371381886,16.07,1031.05,11.36,0.0,0.19946140967309475,"[0.12407073 0.07582425 0.00262101 0.04376947 0.06102663 0.09598684
 0.09314235 0.00662569 0.01731128 0.09906727 0.38055444]",718.500732421875,698.1220703125
244000,-0.02673851915402338,8736.887866210938,1932.242538316993,19.34592320261438,17.659113562091505,1.3344852941176473,64.2525,16.2,1030.31,10.58,0.0,0.206554249599576,"[0.0306127  0.01892231 0.00281612 0.0136427  0.03368578 0.03763888
 0.03620686 0.00401192 0.00346496 0.03045979 0.7885383 ]",251.8926544189453,232.35177612304688
244100,-0.03008991992333904,8957.342998046875,1950.2924308006536,19.516793300653596,17.988823529411764,1.3633537581699346,63.84323529411764,16.17,1028.39,4.74,0.0,0.20556497253477574,"[0.1213216  0.07523492 0.00699215 0.03115848 0.07994994 0.0864737
 0.10463663 0.01302306 0.01771039 0.10931148 0.35418764]",751.9258422851562,719.1747436523438
244200,-0.022062543778447435,8999.575854492188,1932.6728212606838,19.33472190799397,18.08696455505279,1.496066490698844,63.41474453242836,16.22,1027.41,3.02,0.0,0.19231879308819771,"[0.10107557 0.0869223  0.00575018 0.03088734 0.07115692 0.08688872
 0.12599392 0.01668456 0.02041386 0.1006133  0.35361338]",725.132568359375,719.6384887695312
244300,-0.028088083509355783,9099.260380859376,1942.6359770588233,19.44,17.5369387254902,1.331029411764706,63.06633251633987,16.29,1026.61,1.4,0.0,0.19744273245334626,"[0.08497773 0.09412779 0.00913158 0.04428222 0.06982319 0.08577238
 0.10152382 0.01337957 0.02012955 0.10336929 0.3734829 ]",702.2954711914062,694.512451171875
244400,-0.02896649082424119,9741.387583007812,1932.2370028349055,19.347706951201534,16.382380430242275,1.1712620399036808,62.8862251216276,16.35,1027.08,2.7,0.0,0.1926543952524662,"[0.11510856 0.08429339 0.0110969  0.03642582 0.05150096 0.0960858
 0.11450654 0.01449997 0.01763985 0.10056102 0.35828117]",704.6856079101562,698.6946411132812
244500,-0.02902289477060549,9745.25181640625,1933.0426411817755,19.358500286478225,16.829681213394448,1.2051594198285374,63.89966821577114,16.25,1033.95,10.23,0.0,0.1939904910326004,"[0.08353622 0.09879857 0.0170529  0.04279895 0.07104836 0.0995606
 0.08982943 0.01155205 0.01777033 0.09409408 0.37395844]",690.4136962890625,686.6033325195312
244600,-0.026318232440389694,8698.267104492188,1940.403044320728,19.41742261904762,17.811773459383755,1.4244156162464987,64.16501225490195,16.1,1031.58,4.67,0.0,0.19028753593564032,"[0.12377291 0.0653702  0.00736096 0.03382429 0.05944042 0.10034502
 0.09605014 0.00674953 0.01580561 0.10528152 0.38599938]",702.9324340820312,706.2073364257812
244700,-0.02941298552672379,9007.573857421876,1939.3907986928104,19.406388888888888,17.563611111111108,1.366045751633987,63.59941584967321,16.2,1029.74,0.6,0.0,0.2018250672519207,"[0.10247194 0.05382447 0.01502486 0.04695275 0.08984155 0.12205754
 0.06670015 0.02081116 0.02519861 0.10635915 0.35075784]",703.3408203125,704.1065673828125
244800,-0.024628379384521396,9585.619624023437,1922.4034962117303,19.251956914344685,15.928587891296868,1.1858507481940146,62.388323443412446,16.48,1027.11,1.01,0.0,0.1968368236720562,"[0.10211861 0.09642196 0.00683734 0.04926385 0.05130199 0.10653055
 0.10750607 0.01106903 0.01782527 0.10215642 0.34896892]",691.705078125,714.8162231445312
244900,-0.028804367701523007,8766.651782226563,1931.3123848856203,19.333811274509802,16.69128267973856,1.2260866013071896,62.37699754901961,16.47,1026.7,1.04,0.0,0.20205991163849832,"[0.1021188  0.07057926 0.01264246 0.04269825 0.07377466 0.08468051
 0.14943326 0.01249162 0.01670106 0.10682188 0.32805824]",723.835205078125,746.5977172851562
245000,-0.02840802422608249,10018.0930078125,1923.2773158496725,19.25016748366013,16.91424428104575,1.2289419934640522,61.553080065359474,16.73,1029.14,1.09,0.0,0.19875553891062736,"[0.11148107 0.06576196 0.01813779 0.05506748 0.08366    0.08334319
 0.0937644  0.01183287 0.01355491 0.10613729 0.3572591 ]",728.2761840820312,714.1332397460938
245100,-0.026966231083497404,8936.410102539063,1925.397183289341,19.26427256158874,17.81327960030166,1.3715243212669685,63.248913398692814,16.23,1025.44,3.29,0.0,0.18619171753525735,"[0.10596834 0.05991631 0.01585513 0.04549497 0.08391136 0.08516408
 0.09094037 0.01304245 0.01647126 0.11227457 0.3709612 ]",712.6056518554688,695.4090576171875
245200,-0.03081023841048591,8845.948256835938,1941.3394687745094,19.425541666666664,18.30039052287582,1.501453431372549,64.11151879084967,16.18,1036.01,10.96,0.0,0.20007084928452967,"[0.09294677 0.08815927 0.00989791 0.03856063 0.06904659 0.08788388
 0.10277297 0.01254857 0.01868121 0.11102534 0.36847687]",719.361328125,727.3654174804688
245300,-0.02416123799281195,8485.521979980469,1944.1214336305034,19.4696743338361,17.576485240249948,1.4027221773324714,65.10661623752065,16.09,1036.13,14.1,0.0,0.19357795581221582,"[0.08310128 0.0927709  0.01031922 0.03753261 0.07935585 0.08789068
 0.11083671 0.00899171 0.02058895 0.10665661 0.3619555 ]",725.7382202148438,718.8731689453125
245400,-0.023326955589000137,8335.064672851562,1937.8233773856205,19.405703431372547,16.902816993464054,1.2658986928104574,63.97422549019608,16.05,1022.03,9.12,0.0,0.18420084439218043,"[0.09226861 0.08547979 0.00394711 0.03876952 0.07130607 0.10608597
 0.10450759 0.0139289  0.01293541 0.11832794 0.3524431 ]",661.0321655273438,694.5856323242188
245500,-0.026460441200761124,9073.489404296875,1932.0931943253966,19.332019957983192,17.95577030812325,1.4403654295051354,63.08913025210083,16.28,1025.77,5.97,0.0,0.18216591447591782,"[0.17275289 0.07331271 0.00829154 0.02611008 0.08938286 0.09913243
 0.0713094  0.0099157  0.01240982 0.09962744 0.3377551 ]",695.742431640625,667.3915405273438
245600,-0.026202293158276005,9650.225258789062,1930.215821828345,19.322023864809083,17.044065703474374,1.2328102425180598,62.32616890264878,16.49,1026.88,6.37,0.0,0.18835217699408532,"[0.1029034  0.07763775 0.01282405 0.0334152  0.08049062 0.10228514
 0.09281924 0.01238691 0.01672195 0.12272356 0.34579217]",699.5858154296875,718.0201416015625
245700,-0.02339378796168603,8981.399858398438,1939.24708369281,19.397694444444443,18.402236928104575,1.5289803921568628,62.935186274509796,16.32,1026.29,3.76,0.0,0.18801790833473206,"[0.10483684 0.07119591 0.00873103 0.03027199 0.10482035 0.0941747
 0.08785587 0.0165773  0.01580049 0.11381003 0.35192552]",741.9378051757812,734.7556762695312
245800,-0.023785538856172933,9350.790888671874,1937.2773903594762,19.38891339869281,17.61655637254902,1.37968545751634,63.26299428104575,16.31,1029.29,6.42,0.0,0.18600286409258843,"[0.11145891 0.07542548 0.00839823 0.04263226 0.08178473 0.08862695
 0.09062603 0.01147241 0.02148378 0.0948495  0.3732417 ]",732.3374633789062,700.9024658203125
245900,-0.023270241782302036,8415.380522460937,1939.9785081835807,19.431067873303167,17.63092727860375,1.4621875404007758,65.74591338073691,15.97,1033.29,14.55,0.0,0.18924571678042412,"[0.12068784 0.08513674 0.00470747 0.04379027 0.0476876  0.09918853
 0.07902487 0.01125624 0.0235116  0.10035923 0.38464957]",675.9872436523438,680.1141967773438
246000,-0.02637694909470156,8843.779733886719,1946.065894199346,19.48246732026144,17.62308823529412,1.4091666666666667,64.08111928104574,16.26,1037.75,12.41,0.0,0.20085712686181068,"[0.09802747 0.05820755 0.01451728 0.05337102 0.06746738 0.09456607
 0.10876787 0.01057765 0.0216521  0.11276843 0.36007717]",751.3331298828125,757.434814453125
246100,-0.024475458563538267,9083.822426757812,1932.9216087908496,19.339497549019608,17.910843954248367,1.459785130718954,63.28429983660131,16.27,1028.75,4.11,0.0,0.1969386474788189,"[0.12988831 0.04897908 0.02096556 0.03913699 0.07956544 0.08241732
 0.1065894  0.01140693 0.0184937  0.10493203 0.35762522]",719.0358276367188,716.8978881835938
246200,-0.021836193636991085,8750.031604003907,1942.7031085784315,19.456914215686275,17.67625490196078,1.4060073529411765,65.24775,16.09,1042.2,22.53,0.0,0.19471564024686813,"[0.04152927 0.03977329 0.01057252 0.01964276 0.05002996 0.05181197
 0.05443618 0.00374301 0.00901331 0.0569459  0.6625018 ]",371.3135681152344,371.25860595703125
246300,-0.021394176151952705,8185.765461425781,1938.365214958375,19.50654332024185,17.437031544435957,1.3929670680626562,75.07629356754356,15.33,1046.42,60.74,0.0,0.18528233282268047,"[0.08635279 0.04011261 0.02966093 0.04206737 0.07877926 0.10695887
 0.10492335 0.01092516 0.0098329  0.09755713 0.39282966]",688.4003295898438,701.9461059570312
246400,-0.02567982055945322,7903.27615234375,1942.05984434492,19.511455320006792,17.704646910279266,1.4364503013326544,72.18443861938715,15.49,1053.94,56.82,0.0,0.1901345121487975,"[0.09402114 0.07242614 0.01684355 0.05300174 0.06411465 0.09604125
 0.09907394 0.01664316 0.01856022 0.10175552 0.36751866]",727.3660278320312,716.3748168945312
246500,-0.02555289170530159,9825.3768359375,1926.2648022058818,19.279276960784316,17.114268790849675,1.3218545751633985,62.922834967320256,16.41,1031.49,2.19,0.0,0.19427438616752624,"[0.10822454 0.07530049 0.00569718 0.03536424 0.07901812 0.10350212
 0.09634019 0.0132838  0.01794455 0.10277647 0.3625483 ]",692.5917358398438,698.2681884765625
246600,-0.022731646411120892,8896.891220703124,1946.3729288235295,19.478904411764706,17.55875735294118,1.3376666666666666,63.13096078431372,16.25,1025.32,4.14,0.0,0.18637395694851874,"[0.09477825 0.06381126 0.01141222 0.06235278 0.06869568 0.10253781
 0.10009609 0.0188944  0.01881453 0.11507299 0.34353402]",719.289306640625,729.2263793945312
246700,-0.028396211941726507,8992.59478515625,1939.2443238725484,19.406733660130715,17.455661764705884,1.3253047385620915,63.31860784313725,16.28,1029.97,1.66,0.0,0.19117228776216508,"[0.10902533 0.07412324 0.01596797 0.03517969 0.07372329 0.11222736
 0.08451911 0.00775632 0.02036018 0.09938397 0.36773354]",714.64501953125,719.1148681640625
246800,-0.02282416119123809,8842.209008789063,1952.1552208846865,19.53917740429505,17.502169467787116,1.3629991830065358,63.99184640522876,16.09,1028.61,5.38,0.0,0.17855973586440085,"[0.0940616  0.06078454 0.01060488 0.0402046  0.0990641  0.09410309
 0.09456686 0.00685003 0.0223236  0.10635644 0.3710803 ]",750.4035034179688,744.7028198242188
246900,-0.025435059351148082,8607.04466796875,1955.174879334734,19.574302987861813,18.435542717086836,1.5493788515406164,65.61877112511672,16.03,1042.43,19.39,0.0,0.1948510852456093,"[0.08743798 0.07470182 0.02049243 0.05769238 0.07169051 0.08241744
 0.1268145  0.00876786 0.019801   0.10043225 0.34975186]",732.8600463867188,728.641357421875
247000,-0.02370718431309797,8968.644111328125,1950.9629046568623,19.520686274509803,17.79191176470588,1.4148529411764705,62.64676470588234,16.41,1027.26,1.27,0.0,0.18379053965210915,"[0.08309998 0.07837836 0.02730433 0.03898784 0.07408761 0.11596344
 0.10423783 0.01221029 0.01906479 0.09745702 0.3492085 ]",707.34619140625,731.4505004882812
247100,-0.027262032657163218,9707.1794921875,1926.8835838235289,19.291380718954247,16.567565359477122,1.2228472222222224,61.9664910130719,16.6,1027.78,2.8,0.0,0.17449101015925408,"[0.09709543 0.06688624 0.02477623 0.03577762 0.08488872 0.12451216
 0.0973179  0.00972885 0.02013325 0.11090216 0.3279814 ]",743.1649780273438,760.365234375
247200,-0.0292120226949919,9871.809814453125,1917.9164900326793,19.19292892156863,17.328292483660128,1.3068014705882354,61.90988153594772,16.6,1026.85,3.16,0.0,0.17348386391997336,"[0.11307666 0.07557255 0.0118239  0.04382414 0.07972085 0.09215933
 0.08981457 0.01723525 0.02136328 0.0988315  0.35657796]",724.7474975585938,725.2173461914062
247300,-0.019681908215861767,10247.563623046875,1917.0770252218776,19.193354962160303,16.394476823185418,1.1971594427244583,61.659417913656696,16.64,1024.52,1.73,0.0,0.18245300740003587,"[0.11799092 0.0631025  0.01549596 0.03270451 0.07930847 0.08833919
 0.10319252 0.01065864 0.01292181 0.11297771 0.3633078 ]",719.037841796875,722.2356567382812
247400,-0.028456797613762318,8836.578911132812,1930.3103411764705,19.31639705882353,17.493345588235293,1.3616176470588235,63.2929044117647,16.26,1028.65,2.35,0.0,0.1932593558728695,"[0.09675756 0.06899823 0.01069042 0.05147273 0.06990284 0.09671001
 0.11789718 0.00972964 0.01757206 0.10538601 0.35488334]",742.9574584960938,753.8569946289062
247500,-0.022002974171191455,9090.467163085938,1926.6329406346745,19.275534055727555,17.756826625387,1.4134810371517028,62.63451431888545,16.35,1023.27,1.02,0.0,0.19138424083590508,"[0.11699712 0.06931286 0.00879008 0.03443992 0.07049036 0.12268776
 0.09191969 0.01337601 0.01681795 0.10691317 0.34825513]",696.57421875,708.2529296875
247600,-0.02603297711117193,10345.687055664062,1918.873279705882,19.25736764705882,16.875191993464053,1.2100751633986928,66.77262009803921,16.47,1029.93,12.0,0.0,0.18436342984437942,"[0.10540985 0.08419244 0.02033519 0.03620583 0.05662202 0.10446081
 0.10082441 0.01316528 0.01291559 0.10847294 0.35739568]",695.4622192382812,715.7642822265625
247700,-0.02717864092090167,10093.988291015625,1937.6977526960784,19.39472222222222,17.032581699346405,1.2909517973856208,62.18116421568627,16.53,1027.09,1.06,0.0,0.18453065052628517,"[0.10403515 0.06583936 0.00697962 0.02874829 0.07824192 0.10770493
 0.10865515 0.01948582 0.01838547 0.11733925 0.34458506]",708.4814453125,735.2923583984375
247800,-0.024755560569465162,9561.69876953125,1932.698563970588,19.3406045751634,17.33979983660131,1.3365604575163397,62.62821895424836,16.36,1023.85,0.57,0.0,0.18820478215813638,"[0.10474675 0.07865988 0.0186738  0.03091821 0.07325449 0.09933139
 0.10396384 0.00928294 0.0170286  0.10751615 0.35662395]",700.3594970703125,722.0223388671875
247900,-0.023299818084342405,9472.818149414063,1935.7230326367387,19.372188037495704,17.27234971620227,1.3064030787753698,62.260421611627095,16.49,1025.66,0.97,0.0,0.19003335773944854,"[0.10757928 0.06332986 0.0224808  0.03529359 0.07594812 0.11003338
 0.09320974 0.01669151 0.01759426 0.11602886 0.34181058]",727.587158203125,720.4332275390625
248000,-0.02313672277610749,9916.976831054688,1941.9812289215683,19.439910130718957,16.866797385620913,1.1819648692810458,62.59944852941177,16.4,1025.75,1.12,0.0,0.18829251408576966,"[0.08264326 0.08353494 0.01081321 0.04842839 0.07151389 0.09684863
 0.08601052 0.01582471 0.01854513 0.10128751 0.38454983]",696.5582275390625,688.5059204101562
248100,-0.024764958943706006,8717.035589599609,1955.0159991507505,19.600146008403364,17.194296133604958,1.280584755114167,66.86519445505475,15.95,1042.99,27.79,0.0,0.1927010650932789,"[0.07463153 0.07464787 0.01030377 0.03922913 0.08684141 0.11415119
 0.09961978 0.01153797 0.01381791 0.10375223 0.37146723]",715.3949584960938,739.0035400390625
248200,-0.026028231097152455,9095.335004882812,1934.538836391223,19.368936741363214,17.37841619981326,1.4020734126984127,64.47844012605042,16.15,1038.84,13.78,0.0,0.19316103972494603,"[0.07873663 0.10047472 0.00507555 0.04506244 0.06406458 0.08633302
 0.11397288 0.01018469 0.01185552 0.11918108 0.36505887]",713.1170654296875,733.469482421875
248300,-0.023556651718681678,9345.615119628907,1932.243585473856,19.356633986928106,16.872547385620916,1.2857099673202614,64.8238202614379,16.19,1033.12,9.03,0.0,0.1904489889740944,"[0.09381656 0.07685761 0.00853609 0.04423469 0.07472016 0.10366025
 0.10250523 0.01845186 0.02114813 0.0945064  0.36156306]",736.5916137695312,725.5001220703125
248400,-0.02728720520855859,9413.088041992187,1957.613513503734,19.597997082166202,17.3428139589169,1.2906702847805789,64.12226785714286,16.15,1034.28,8.41,0.0,0.20343728825449944,"[0.0949972  0.06665391 0.01563071 0.04755465 0.08045229 0.10379191
 0.085402   0.01157165 0.02248579 0.10123996 0.37021995]",735.4210815429688,729.3468627929688
248500,-0.023808596790768206,8957.201040039063,1936.6334861111109,19.40489379084967,17.484154411764706,1.2840277777777778,65.25180964052288,16.27,1030.63,10.93,0.0,0.19347352534532547,"[0.1301025  0.07450281 0.01037574 0.04304956 0.04907643 0.10402676
 0.09045696 0.01807857 0.02860423 0.10077903 0.35094738]",710.2451171875,713.0082397460938
248600,-0.027575449448777364,9056.648471679688,1942.5977662908492,19.441958333333332,17.436077614379084,1.3141903594771243,62.83445915032679,16.37,1027.67,3.81,0.0,0.18323609098792076,"[0.12392744 0.06000929 0.01615767 0.02918461 0.06246069 0.0894925
 0.11387341 0.01179698 0.01334004 0.10677951 0.37297785]",684.579345703125,694.10205078125
248700,-0.026264732362469657,9018.675810546874,1942.687785702614,19.442589869281043,17.316160130718956,1.2727246732026143,63.22173611111111,16.3,1029.94,1.25,0.0,0.18553810581564903,"[0.09538867 0.07146921 0.0127651  0.04233009 0.06732287 0.09388989
 0.11097678 0.01425203 0.01887593 0.10905498 0.36367443]",681.3909301757812,697.0635986328125
248800,-0.02196582110831514,9451.407016601563,1942.2317913269694,19.44812843997248,16.336415978672168,1.1343986498108016,61.92518683350533,16.6,1026.72,1.83,0.0,0.18534171372652053,"[0.11021486 0.08193262 0.00885707 0.03961885 0.05944826 0.11404563
 0.09654465 0.01125595 0.01703744 0.11123561 0.34980905]",722.4135131835938,738.3612670898438
248900,-0.024664590322645383,9278.73382080078,1934.5609974673196,19.37406862745098,17.206478758169936,1.2658496732026143,63.85786764705883,16.35,1032.99,10.9,0.0,0.1872264429181814,"[0.11680432 0.06899426 0.01087143 0.05251075 0.06577307 0.1019405
 0.09205684 0.01379049 0.00684916 0.1114834  0.35892576]",704.1123657226562,699.9835205078125
249000,-0.02432939342688769,8564.4069921875,1951.257964330065,19.519807189542483,18.196901960784313,1.4655049019607844,62.994801470588236,16.29,1025.62,1.43,0.0,0.19103567495942117,"[0.09646953 0.06262995 0.01671898 0.04054598 0.0780739  0.1099132
 0.1046651  0.0140714  0.01814213 0.11783639 0.34093344]",748.6299438476562,732.6947631835938
249100,-0.027271024128422142,10229.932719726563,1936.4146003874878,19.380017623716157,17.42612861811391,1.2573179271708685,62.613705415499524,16.44,1028.12,4.63,0.0,0.19402007803320884,"[0.10379928 0.07845345 0.01100747 0.0367624  0.07469136 0.09800859
 0.09636302 0.01180385 0.02585821 0.10292669 0.36032572]",740.0589599609375,730.2242431640625
249200,-0.021794531691120937,8390.919130859374,1946.3249823265462,19.59849949723479,18.118105661495367,1.487922574157868,76.67016159412483,15.48,1048.07,54.48,0.0,0.18918978722766042,"[0.09114008 0.06439693 0.01266699 0.06076923 0.07543729 0.09898903
 0.09012125 0.01245454 0.02036174 0.1017013  0.37196165]",719.5509643554688,712.8311157226562
249300,-0.02527044465416111,9226.56962890625,1959.3660773529407,19.617562091503267,17.719326797385623,1.3304566993464053,64.64438562091503,16.07,1031.4,11.49,0.0,0.19823161251842975,"[0.10200211 0.06689802 0.0034798  0.04415078 0.08989143 0.11033586
 0.09237023 0.01253726 0.01645364 0.10685153 0.35502934]",742.3969116210938,733.09130859375
249400,-0.023265420738607646,8618.697514648438,1942.37891065126,19.451996732026142,18.032310107376283,1.4185429505135392,64.9256308356676,16.0,1027.02,21.42,0.0,0.1864211815595627,"[0.0958332  0.08908119 0.00269979 0.04229969 0.0697016  0.0904079
 0.10745067 0.00668429 0.01808691 0.11824115 0.3595136 ]",714.460693359375,720.3484497070312
249500,-0.02362203252676409,9814.03494140625,1936.9298528758166,19.390202614379085,17.02925653594771,1.2200433006535947,62.38455800653595,16.44,1024.61,6.15,0.0,0.1775940901041031,"[0.09306713 0.08114301 0.0029871  0.03419097 0.09719025 0.10640757
 0.09693713 0.00875892 0.01917102 0.1133308  0.34681612]",718.0731201171875,725.0455932617188
249600,-0.025349730228772387,8960.336474609376,1949.0508021241828,19.500870098039215,17.95331290849673,1.3811151960784316,63.278745915032665,16.26,1028.28,2.54,0.0,0.17357803180813788,"[0.08829627 0.08548595 0.00311761 0.03419277 0.09413641 0.09659591
 0.1040777  0.01095385 0.0151359  0.10475398 0.36325362]",731.0858154296875,734.0806274414062
249700,-0.023491841107606888,8518.821286621094,1963.3470118552034,19.647633484162895,17.925337104072398,1.3925032051282051,64.05870569381598,16.09,1029.32,4.78,0.0,0.17808170303702353,"[0.10088026 0.09111923 0.00349463 0.03111934 0.07205287 0.09766017
 0.11027544 0.01063886 0.014801   0.10209132 0.3658669 ]",681.2177734375,692.6828002929688
249800,-0.026354002035222947,9112.249467773438,1952.297450735294,19.540441176470587,17.45549019607843,1.321875,63.58106617647059,16.19,1027.97,3.88,0.0,0.17633152037858962,"[0.1230862  0.0595649  0.00337523 0.03539143 0.08142294 0.09992159
 0.10501316 0.01837932 0.01880541 0.09908555 0.3559543 ]",733.8211059570312,731.7478637695312
249900,-0.02463277871138416,8840.086254882812,1956.8089344117643,19.597676470588233,18.06258823529412,1.3715882352941176,65.09336029411764,16.13,1028.03,10.85,0.0,0.19053891595453024,"[0.12080023 0.07389472 0.01243064 0.03529518 0.05404144 0.09898079
 0.11470923 0.01417267 0.01842335 0.10484233 0.35240942]",727.8421630859375,711.9873046875
250000,-0.027836413736222313,9133.1315625,1940.9399665359472,19.422154411764705,17.754093137254902,1.3733521241830067,63.78768872549019,16.2,1032.67,3.47,0.0,0.19043413400650025,"[0.1171806  0.07072222 0.00431691 0.04516118 0.06874461 0.09217722
 0.08809162 0.01174976 0.01402862 0.11083567 0.3769916 ]",726.6030883789062,707.3763427734375
250100,-0.026077870049048216,9835.674907226563,1929.2441683823522,19.30797794117647,17.260661764705883,1.304779411764706,63.824080882352945,16.17,1031.58,1.42,0.0,0.19011745110154152,"[0.10936293 0.06311112 0.00588694 0.04969881 0.06558549 0.07829855
 0.1096429  0.01151908 0.01897181 0.11554024 0.3723821 ]",708.1290893554688,705.0146484375
250200,-0.023223537744488567,10199.725268554688,1928.5323973039215,19.311004901960786,16.250861928104577,1.1941748366013072,62.97540032679739,16.44,1034.15,1.67,0.0,0.19100116699934006,"[0.09773585 0.06904866 0.01015673 0.04597136 0.07322175 0.0969504
 0.11551262 0.00684438 0.01457104 0.10651054 0.36347666]",719.2528686523438,714.4367065429688
250300,-0.024024956692010165,9353.086831054687,1941.8329639492201,19.439975804424336,16.98609194318753,1.2766221091000503,63.55504160382102,16.24,1030.7,4.5,0.0,0.1922152242064476,"[0.10617138 0.0871733  0.00778058 0.03419255 0.07854975 0.0811906
 0.09992665 0.01626441 0.0134114  0.11069027 0.36464912]",715.6629638671875,712.7765502929688
250400,-0.026588004586519675,9542.965048828126,1938.070876339869,19.38729901960784,18.125154411764704,1.4473594771241827,62.85966339869281,16.34,1026.33,1.06,0.0,0.20103092327713967,"[0.08526205 0.10007257 0.00344565 0.0575565  0.0703967  0.0987811
 0.11096475 0.01381052 0.01885713 0.10605453 0.3347985 ]",700.6759033203125,708.2778930664062
250500,-0.027455158834345638,9460.045805664062,1951.7620622162021,19.531836085311316,17.46295923632611,1.2588658840729274,62.53996710526315,16.46,1028.58,0.41,0.0,0.19807288870215417,"[0.08656634 0.07282839 0.00938848 0.05246614 0.07682011 0.09442713
 0.10994883 0.00851996 0.02098119 0.10513047 0.362923  ]",711.1358032226562,711.56396484375
250600,-0.02383105132263154,9183.26234375,1942.2684831467143,19.431990798073617,17.966138071895426,1.4394292225662193,63.86040522875816,16.17,1031.66,1.63,0.0,0.20404065996408463,"[0.09924629 0.07296401 0.00653977 0.05553209 0.07155074 0.09362293
 0.08909017 0.01286127 0.02563498 0.1085745  0.36438325]",762.02197265625,757.8748779296875
250700,-0.02723213217803277,8590.984013671876,1966.583708578431,19.671237745098036,18.683958333333337,1.5264828431372552,63.868676470588234,16.11,1027.78,2.87,0.0,0.19473473146557807,"[0.0960671  0.08132737 0.01098224 0.04990931 0.08003816 0.10919318
 0.07818832 0.0105662  0.0174969  0.1079476  0.35828358]",749.164306640625,736.9700927734375
250800,-0.022642531208693983,9319.7628515625,1940.2208779411762,19.41713235294118,17.373676470588236,1.33,63.15007352941176,16.29,1028.11,1.05,0.0,0.1951033927500248,"[0.07790121 0.09023485 0.01315422 0.04287291 0.06501749 0.10032774
 0.13735202 0.01184    0.00880275 0.10286613 0.3496307 ]",731.5128173828125,739.6305541992188
250900,-0.02657455232576467,9426.299899902344,1943.0918446560024,19.45846362229102,17.189863390092878,1.3150374957000344,63.95000318197455,16.25,1027.48,7.33,0.0,0.19326954372227192,"[0.10850866 0.07522361 0.01502404 0.04186606 0.09187486 0.07845153
 0.0899789  0.01902027 0.02092601 0.11339284 0.34573323]",748.3309326171875,725.567626953125
251000,-0.024127346070017666,9677.612373046875,1948.5827504901954,19.491004901960785,18.327140522875816,1.4733864379084967,62.74591911764706,16.35,1025.12,0.95,0.0,0.18546296000480653,"[0.11378092 0.08365548 0.01225237 0.02297648 0.06609535 0.11574902
 0.1042568  0.00977543 0.01492969 0.10013279 0.3563957 ]",704.09814453125,721.12890625
251100,-0.026898271676618606,9875.704033203125,1947.2808207731337,19.489158496732024,17.28143188854489,1.2515039129686965,62.26384438424493,16.56,1030.11,1.44,0.0,0.18828867986798287,"[0.11549048 0.06856901 0.01998765 0.03548005 0.08011959 0.09757856
 0.09100822 0.00680404 0.01687311 0.11281775 0.35527155]",751.4277954101562,735.774169921875
251200,-0.025960864769294857,9650.283774414063,1934.3738118464046,19.358668300653598,17.24711192810457,1.293169934640523,62.52145833333335,16.42,1025.76,0.48,0.0,0.19989404648542405,"[0.11571261 0.06731205 0.01093223 0.03238344 0.07424663 0.10661504
 0.09816229 0.01139508 0.02207505 0.10755301 0.35361257]",730.8102416992188,752.6275634765625
251300,-0.022514644303591923,9625.319467773437,1955.8684190196075,19.572041666666667,17.686375816993465,1.3193398692810459,63.02447303921568,16.35,1029.59,2.06,0.0,0.2100304628908634,"[0.10172872 0.06768899 0.0191987  0.02920822 0.08815645 0.08542787
 0.0931032  0.01225124 0.01319061 0.11669096 0.37335506]",736.8563842773438,734.2766723632812
251400,-0.021875751223415136,9082.67234375,1955.267933921568,19.56141911764706,18.11323366013072,1.441406045751634,63.251781045751635,16.25,1027.16,1.81,0.0,0.20257072702050208,"[0.09801011 0.10041789 0.00356912 0.02903879 0.06805864 0.12277653
 0.09527211 0.01105464 0.02273843 0.11562885 0.33343488]",715.4864501953125,743.5963745117188
251500,-0.027165071916533633,10087.055288085938,1922.7837616400063,19.253652820777432,16.15106166150671,1.1478676470588234,62.02203388372893,16.61,1028.89,1.82,0.0,0.1912197083234787,"[0.10434054 0.09165991 0.0065022  0.02253309 0.06714855 0.09602313
 0.11055437 0.0130833  0.02402322 0.10578085 0.35835087]",690.6107177734375,719.324951171875
251600,-0.024043754127342255,10098.19107421875,1921.8056973410573,19.238541666666666,16.94907605466429,1.2994529857397503,62.57076203208556,16.46,1027.04,5.19,0.0,0.19667311862111092,"[0.09738825 0.09430496 0.00579679 0.03376226 0.07048881 0.10567832
 0.11838941 0.00703376 0.0219632  0.09549829 0.34969592]",708.4437866210938,716.2064819335938
251700,-0.022093341608997435,9771.38234375,1940.1768489379083,19.41156862745098,17.8715522875817,1.3790522875816995,62.39431372549019,16.45,1025.5,2.08,0.0,0.20014754325151443,"[0.10044215 0.06585459 0.01145231 0.04157553 0.07650506 0.09313116
 0.11007776 0.01279113 0.018999   0.11143064 0.35774067]",739.9153442382812,749.0423583984375
251800,-0.027241510824533178,9032.004580078124,1937.3706498366012,19.380354532163743,18.179381019951837,1.4541627966976263,62.902999871001036,16.32,1025.72,2.12,0.0,0.19402734875679017,"[0.09606946 0.06804086 0.02247256 0.03819453 0.08077238 0.1097334
 0.10934823 0.00854184 0.00852802 0.10724354 0.35105518]",727.3030395507812,734.970458984375
251900,-0.024650248028337957,9322.175903320312,1944.844824183006,19.464583333333334,17.309305555555557,1.337843137254902,62.06214869281046,16.58,1028.21,2.26,0.0,0.18819155916571617,"[0.09498864 0.10915195 0.00428923 0.04215084 0.05050429 0.10371171
 0.11686465 0.01060628 0.02219366 0.0991681  0.34637067]",716.3953857421875,727.3806762695312
252000,-0.025312526761554183,8744.397124023437,1939.365254330065,19.406278594771244,17.628210784313726,1.3883905228758169,62.63400326797386,16.4,1026.62,2.28,0.0,0.18129390493035316,"[0.09735111 0.06511042 0.01083592 0.04400557 0.08274724 0.09002031
 0.11655382 0.00758214 0.0158919  0.11348219 0.35641935]",750.1964721679688,755.9158935546875
252100,-0.027463722978136502,8564.503334960937,1951.4780801030665,19.5274069884364,17.823999811463047,1.3237443438914027,63.0226571141277,16.26,1023.42,2.79,0.0,0.18149243220686911,"[0.09812912 0.0880665  0.02295029 0.02927181 0.07040007 0.09316969
 0.10963079 0.01280655 0.0120003  0.10467233 0.35890257]",715.379638671875,712.7621459960938
252200,-0.022203596459003164,9635.255908203126,1940.1485260620912,19.417843137254902,17.188108660130716,1.2596813725490195,62.25978758169935,16.49,1025.67,0.77,0.0,0.18597111865878105,"[0.09928582 0.06789252 0.01127883 0.03924214 0.0791041  0.1059048
 0.10247695 0.0139864  0.01492804 0.10769268 0.35820767]",709.3668823242188,721.8213500976562
252300,-0.02552998457220383,9882.682788085938,1946.1625304271702,19.47388246965453,17.951765289449114,1.34843954248366,63.100363562091495,16.35,1030.22,5.56,0.0,0.19829280376434327,"[0.11080749 0.05890498 0.00822197 0.04024912 0.0850567  0.10058299
 0.09856147 0.01823001 0.01660668 0.10514899 0.35762963]",710.97900390625,714.0571899414062
252400,-0.026043175170198083,9258.593173828125,1948.464537336601,19.498623366013074,17.50144607843137,1.332753267973856,62.77867647058822,16.31,1023.31,0.81,0.0,0.192716533690691,"[0.10850537 0.07973557 0.01121879 0.02872273 0.06997442 0.11447466
 0.10708778 0.01060716 0.02400791 0.09785607 0.34780955]",698.2963256835938,727.1483154296875
252500,-0.024309557725209742,8622.882192382813,1956.3802206699343,19.572197712418298,18.132745098039216,1.4125245098039216,63.00551470588235,16.26,1023.92,1.46,0.0,0.184906540364027,"[0.10493939 0.05354667 0.02502134 0.04238174 0.08478583 0.10383252
 0.08503498 0.01552179 0.02057429 0.10311732 0.36124414]",752.6151123046875,747.2865600585938
252600,-0.027494766268646345,9628.051821289062,1934.4950868464045,19.363316993464053,16.962549019607845,1.2294117647058824,62.410535130718955,16.44,1025.21,1.51,0.0,0.19271725237369539,"[0.10076464 0.08799221 0.01650977 0.03059466 0.07298041 0.09477099
 0.10114321 0.00838632 0.0125939  0.10882986 0.36543405]",714.0136108398438,713.108154296875
252700,-0.022044977091718466,8260.018125,1951.1969029411762,19.519411764705882,18.16110294117647,1.4162867647058823,63.30025735294117,16.19,1024.38,0.86,0.0,0.18059136345982552,"[0.10954151 0.07618005 0.01933399 0.03539398 0.07633427 0.09447657
 0.09090643 0.00768039 0.01579628 0.11513189 0.35922465]",726.1473999023438,717.5111694335938
252800,-0.025787564015481622,8981.385991210938,1935.4997730220152,19.369882395940834,17.310643274853803,1.287420235638115,62.65621689026488,16.38,1025.5,1.02,0.0,0.17624579042196273,"[0.10222137 0.08226465 0.00975218 0.03572379 0.07083943 0.09613524
 0.10551769 0.01258289 0.01948654 0.10445788 0.3610183 ]",711.9006958007812,706.5415649414062
252900,-0.024292797623202203,9956.583911132813,1936.181374161818,19.395279887596065,16.682154896574012,1.1626238059326295,63.566266178266176,16.38,1036.48,16.84,0.0,0.19055061466991902,"[0.09638346 0.10075806 0.01273696 0.02456353 0.07076591 0.0835841
 0.10266159 0.01167705 0.01713788 0.10745683 0.3722747 ]",726.1345825195312,723.5137329101562
253000,-0.023128715403145178,8879.21650390625,1937.8728825857477,19.40160861687332,17.225125320757673,1.3179781884781883,64.45294102466161,16.07,1032.74,9.18,0.0,0.19214796602725984,"[0.08577602 0.09209331 0.01012351 0.02886444 0.08788868 0.08157325
 0.12616658 0.01055049 0.01385403 0.10389395 0.35921577]",720.8045654296875,724.6624145507812
253100,-0.021320692184381186,9234.868798828125,1945.3759433823527,19.461633986928106,18.071482843137254,1.3646813725490199,62.67945669934641,16.4,1027.05,1.2,0.0,0.18283537700772284,"[0.11182132 0.06618817 0.00357534 0.03015539 0.09170727 0.07413743
 0.12335084 0.00921524 0.02713005 0.10383461 0.3588843 ]",739.9500122070312,711.1000366210938
253200,-0.022636115562636405,10434.121694335938,1931.8248061274508,19.33812091503268,16.809857026143792,1.2333864379084971,61.694207516339866,16.74,1031.82,2.13,0.0,0.18283084645867348,"[0.0998492  0.087285   0.01394014 0.02991157 0.06313787 0.09555675
 0.10620268 0.01647574 0.02212723 0.11343627 0.35207754]",698.4611206054688,693.2095947265625
253300,-0.027121349200606347,9769.35560546875,1929.9973122058818,19.31849428104575,17.361578431372546,1.3515669934640522,63.47010784313726,16.25,1026.95,5.56,0.0,0.1951482418179512,"[0.11814564 0.07286785 0.00998969 0.03084227 0.06870753 0.1133777
 0.10176911 0.01489559 0.0280379  0.0935207  0.34784603]",664.4598388671875,690.1666259765625
253400,-0.028047568597830832,9625.802998046875,1938.9158427287578,19.404399509803923,17.295972222222225,1.278239379084967,62.469060457516335,16.42,1024.8,1.43,0.0,0.18714651197195054,"[0.15530851 0.08006041 0.00562475 0.03454627 0.05108118 0.1081383
 0.08164772 0.01363662 0.02403555 0.09558252 0.3503382 ]",647.616455078125,645.1692504882812
253500,-0.021370248582679777,8767.473315429688,1934.1015699183004,19.357299836601307,17.35100980392157,1.2776053921568626,62.62271732026144,16.36,1023.67,4.57,0.0,0.18220009610056878,"[0.10850335 0.07426361 0.0110773  0.04811129 0.08255788 0.10210084
 0.09535717 0.01410796 0.01674278 0.09960301 0.34757483]",710.8938598632812,705.3713989257812
253600,-0.024269783745985478,9721.245908203126,1932.8431245313034,19.33857112143103,17.84831441348469,1.3954738562091504,62.24905895252837,16.5,1025.93,3.6,0.0,0.17889536947011947,"[0.08608409 0.09369119 0.0150066  0.03615176 0.07452445 0.07310533
 0.12265579 0.00634995 0.02028613 0.11510811 0.35703662]",725.4306030273438,739.906005859375
253700,-0.025611749034142123,9850.157216796875,1931.6346089215679,19.327778594771242,17.769964052287584,1.3740784313725494,62.22316993464053,16.45,1022.49,4.42,0.0,0.18588532537221908,"[0.1260478  0.07625853 0.01635198 0.05187562 0.06521142 0.09005401
 0.09845566 0.01018578 0.02190321 0.10154545 0.34211057]",720.242919921875,717.3360595703125
253800,-0.026097739330725744,9713.490180664063,1940.4384389052284,19.422345588235295,17.216624183006537,1.231277777777778,62.16039705882353,16.53,1026.42,3.91,0.0,0.18418128594756125,"[0.08097278 0.072314   0.01969164 0.04264092 0.08026834 0.10229005
 0.12147875 0.01054095 0.02523607 0.09877009 0.34579644]",753.064453125,754.6722412109375
253900,-0.0267570065788459,9295.731728515624,1940.4734516339863,19.42919934640523,16.508492647058823,1.1977491830065359,62.41449754901961,16.47,1027.16,2.62,0.0,0.17498165145516395,"[0.10373026 0.06429204 0.01134047 0.03687472 0.08520718 0.09916455
 0.11692648 0.01194788 0.01864992 0.1068112  0.34505528]",724.98974609375,736.7705688476562
254000,-0.02613612326909788,9148.773491210937,1944.0972512074297,19.455011351909185,17.711949948400413,1.385718653250774,63.45720188338493,16.21,1027.91,4.77,0.0,0.17983087420463562,"[0.1101925  0.0621773  0.01899295 0.03957679 0.08113698 0.1158792
 0.08566001 0.00739796 0.01091507 0.10672698 0.36134425]",739.34814453125,733.0047607421875
254100,-0.02412659448804334,8179.3809765625,1950.3635956580836,19.53815864037923,16.908718244990304,1.2777475849314084,65.33495660058895,15.98,1041.04,19.98,0.0,0.18763880476355552,"[0.11012637 0.06959046 0.01051823 0.04151556 0.05680611 0.10242476
 0.11804661 0.01442624 0.01337123 0.10659721 0.3565772 ]",735.240478515625,712.740234375
254200,-0.026233796963933857,9187.23503173828,1924.8749834173668,19.321300653594772,17.28397140522876,1.333325746965453,69.20435247432307,15.9,1042.85,34.38,0.0,0.19062986113131047,"[0.0968967  0.0749547  0.01656077 0.03739053 0.07524615 0.10141766
 0.1006311  0.00647854 0.02687062 0.10272176 0.3608315 ]",714.6187744140625,710.56494140625
254300,-0.024497139006853103,9194.411923828126,1946.3667988445375,19.488731092436975,16.989920985060692,1.311449229691877,63.21889204014939,16.28,1027.97,10.25,0.0,0.19134424164891242,"[0.11346534 0.06689738 0.0129886  0.03228705 0.06282665 0.10102732
 0.12021431 0.01443605 0.02589018 0.10520092 0.34476623]",691.8271484375,723.0143432617188
254400,-0.024103333675302565,9270.760712890626,1940.5804016339864,19.421339869281045,17.400837418300654,1.34640931372549,62.633676470588235,16.36,1023.81,3.13,0.0,0.19277889683842658,"[0.12734011 0.07368676 0.01545222 0.02919357 0.07517206 0.11515696
 0.09203294 0.0150774  0.01568844 0.10729758 0.33390197]",761.5846557617188,733.701904296875
254500,-0.023325408227974548,9421.462495117188,1924.8445926633983,19.26296977124183,17.41565931372549,1.3688651960784313,62.400470588235294,16.46,1026.13,4.13,0.0,0.16403092429041863,"[0.09071164 0.09309186 0.01245547 0.01932452 0.085404   0.09883232
 0.12276498 0.00795175 0.0158847  0.10990027 0.3436785 ]",716.1097412109375,743.552001953125
254600,-0.02308694220846519,8816.695703125,1951.5237570261434,19.53202205882353,17.262385620915033,1.3006168300653596,62.67008578431373,16.37,1025.18,0.8,0.0,0.17156078219413756,"[0.0813211  0.10239575 0.00929381 0.02575277 0.08689114 0.09450044
 0.11266538 0.01726684 0.02528351 0.09607723 0.348552  ]",725.2932739257812,730.24462890625
254700,-0.02028061753255315,8689.18904724121,1942.643994017763,19.576836500917384,16.624635252819076,1.223451886348945,75.87843937679968,15.86,1045.95,41.5,0.0,0.17532914327457547,"[0.09042198 0.06817657 0.01181432 0.03164246 0.0861939  0.10079283
 0.1173261  0.01560102 0.01850134 0.10172052 0.35780895]",748.1116943359375,742.4031372070312
254800,-0.01688164476421662,8975.795409545899,1942.9896311281204,19.56572506251918,16.53082607914961,1.240523574464751,74.228885643768,15.71,1059.77,67.38,0.0,0.1914215636998415,"[0.08637455 0.10063051 0.01639394 0.03215142 0.05187126 0.09963843
 0.11836753 0.01492554 0.01689049 0.10670522 0.35605112]",682.4888916015625,703.1197509765625
254900,-0.02483509960351512,8777.770439453125,1951.145078305501,19.53571054190907,17.172386303239247,1.3460775156216331,64.39013470516412,16.11,1034.92,9.35,0.0,0.20876327365636826,"[0.09475247 0.08459061 0.01064476 0.02638642 0.05072214 0.10249472
 0.10239482 0.01764225 0.02442415 0.08800673 0.39794093]",673.6188354492188,707.626953125
255000,-0.027133822597097606,9610.087578125,1935.6060118954247,19.362710784313723,18.176702614379085,1.524892156862745,63.237077614379075,16.31,1030.38,2.32,0.0,0.21200912818312645,"[0.10820179 0.08620964 0.01296615 0.03536001 0.06420128 0.09989513
 0.09747381 0.0067994  0.02744991 0.10125276 0.36019015]",702.993896484375,708.2872314453125
255100,-0.02627814559498802,9942.220541992188,1926.0596902149982,19.27957542139663,16.84210560715514,1.2679772531819744,62.47495252837978,16.42,1024.64,1.67,0.0,0.21022969901561736,"[0.07584084 0.08283361 0.0104841  0.03894635 0.09216376 0.09588874
 0.10642114 0.011314   0.01737486 0.11709844 0.35163417]",740.1104736328125,748.4007568359375
255200,-0.023150130228605122,8820.202978515625,1954.0404363328662,19.562457983193276,17.657180205415504,1.3247566526610646,63.9343720821662,16.23,1033.55,11.85,0.0,0.1951736380159855,"[0.10223627 0.06259112 0.00860898 0.04013641 0.08531024 0.08382772
 0.10954918 0.01092178 0.01483302 0.11055795 0.37142733]",717.78466796875,707.3941650390625
255300,-0.023453571000136435,9265.587309570312,1943.5459948552752,19.465244397759104,17.511574696545285,1.3167879318394022,65.1566223155929,16.08,1038.46,17.94,0.0,0.1993829268217087,"[0.07118154 0.11142489 0.00881427 0.02679276 0.08053396 0.08515494
 0.1069501  0.01321993 0.01840581 0.11430368 0.36321813]",704.022705078125,699.513427734375
255400,-0.023484648012090475,9255.78404296875,1944.5412177287578,19.455081699346405,17.94016748366013,1.3984109477124185,63.014035947712415,16.28,1025.19,1.92,0.0,0.18908729210495948,"[0.12029022 0.07989334 0.00327845 0.03408647 0.06670532 0.1000591
 0.10436981 0.01220771 0.02142738 0.10698877 0.35069346]",668.0234985351562,691.9481811523438
255500,-0.025592101218062453,9837.659174804687,1931.185516094771,19.332696078431372,16.693472222222226,1.2110661764705883,62.05902777777777,16.55,1025.96,1.63,0.0,0.1845584776997566,"[0.09895316 0.09821521 0.00679177 0.02997146 0.07242027 0.08477237
 0.10377268 0.0142857  0.01787022 0.11209553 0.36085165]",705.5236206054688,693.1871948242188
255600,-0.023846920476062225,8962.297514648437,1948.9611104715214,19.503823529411765,17.795811507936506,1.3670805322128854,63.48909722222222,16.2,1027.31,5.27,0.0,0.18220349207520484,"[0.09039029 0.08005218 0.01387602 0.04374534 0.08766091 0.08295769
 0.10428924 0.01140135 0.02206549 0.11199834 0.35156313]",744.5328979492188,729.2144775390625
255700,-0.023706077572423965,10494.933759765625,1933.9972018790845,19.35281454248366,17.54290849673203,1.3499428104575162,61.905674019607844,16.53,1022.09,2.23,0.0,0.1838516502082348,"[0.08232162 0.08090495 0.01472316 0.04396548 0.0920855  0.09846652
 0.10955249 0.00858791 0.02537384 0.10346661 0.3405519 ]",710.1099243164062,710.0810546875
255800,-0.027387073870631867,9579.246865234374,1934.4699016554869,19.36252278981768,17.033107155142762,1.2512022703818368,62.31590815273477,16.44,1023.46,1.9,0.0,0.19446057289838792,"[0.10931223 0.07875706 0.00359501 0.05171549 0.06560062 0.08997162
 0.09046689 0.0167143  0.02016936 0.1077735  0.3659239 ]",707.8973999023438,679.3001708984375
255900,-0.024583939563599416,10372.098803710938,1933.194519831441,19.344761351909185,17.545522230822154,1.3109967320261438,61.79902132782938,16.67,1028.81,2.85,0.0,0.19541240081191064,"[0.09770344 0.07079796 0.00667135 0.05826804 0.07455961 0.09177974
 0.10000671 0.00981933 0.02317481 0.09840111 0.3688179 ]",735.2944946289062,723.7073974609375
256000,-0.026675333161838354,8921.97724609375,1943.4015101307186,19.441143790849672,18.21643790849673,1.4947589869281044,62.94861111111111,16.26,1022.86,3.01,0.0,0.19434913367033005,"[0.10629223 0.08606484 0.00921442 0.04381897 0.05614496 0.07584988
 0.11521964 0.01191385 0.0215479  0.10873645 0.36519688]",702.3558959960938,697.2074584960938
256100,-0.026362044743727893,9905.80212890625,1925.2315284313718,19.267524509803923,17.1427818627451,1.2931209150326801,62.3085702614379,16.51,1027.95,0.8,0.0,0.1869354324042797,"[0.07388113 0.09649129 0.0051295  0.03957035 0.09173731 0.08388521
 0.1255354  0.0154105  0.01491885 0.11391078 0.33952972]",715.95703125,707.5671997070312
256200,-0.02729503670707345,9509.189619140625,1939.0402089379081,19.40530882352941,17.35013725490196,1.3385416666666665,62.8779019607843,16.33,1025.94,1.69,0.0,0.19526253253221512,"[0.08923797 0.08690864 0.00408572 0.03282962 0.09074527 0.09446224
 0.10497848 0.01169816 0.0139231  0.11152053 0.35961023]",703.7433471679688,701.593017578125
256300,-0.024485357435187326,9196.094440917968,1952.0601935883235,19.563295568810275,17.36127938646321,1.3537876820891526,66.27968782279811,15.94,1045.18,31.95,0.0,0.19803691551089286,"[0.10423063 0.08134221 0.00806786 0.04179144 0.0705402  0.07405294
 0.10131921 0.01452646 0.01306843 0.11168925 0.3793714 ]",713.0267333984375,702.4351196289062
256400,-0.02801933043054305,9135.430405273437,1949.755865216189,19.517845085470086,17.23391207893414,1.2680920688788335,63.87751866515837,16.15,1030.38,5.41,0.0,0.2019342690706253,"[0.0948194  0.07664913 0.01588823 0.03288634 0.0713064  0.08552553
 0.10859466 0.01043018 0.02194292 0.10684033 0.37511688]",720.001220703125,731.9727783203125
256500,-0.024316086717881262,8699.678947753906,1960.1542454813807,19.65570455851338,18.5193292165351,1.5414629724850315,68.82427729133612,15.69,1039.71,37.52,0.0,0.18666106581687927,"[0.12040805 0.06509557 0.01236475 0.04165898 0.05582568 0.10214924
 0.10789974 0.00881836 0.01767825 0.10879074 0.35931066]",691.3592529296875,704.6530151367188
256600,-0.026074550818884747,9352.559790039062,1953.0567024694083,19.540847646075974,18.020828081232494,1.4390994643471424,63.227319094304384,16.28,1028.22,2.64,0.0,0.19409382224082947,"[0.1180804  0.06019004 0.00812697 0.04929542 0.05634899 0.10072125
 0.10157688 0.0103707  0.01873512 0.10647004 0.37008417]",702.7695922851562,706.1978759765625
256700,-0.023372788112028503,8852.437280273438,1950.0807038042183,19.558417112299466,17.928805184194893,1.4290514705882356,68.09515923945337,15.93,1035.69,25.58,0.0,0.19021269792690873,"[0.10730918 0.07761857 0.00784948 0.03979385 0.0684929  0.08739977
 0.11180791 0.01563704 0.02177334 0.09653543 0.36578256]",741.3291015625,731.994873046875
256800,-0.026936090170638635,9126.27583984375,1948.2119889705882,19.496764705882352,17.603838235294116,1.380279411764706,63.5957524509804,16.23,1031.61,3.4,0.0,0.19851538121700288,"[0.09421885 0.08289112 0.00863232 0.04658797 0.06433623 0.09559727
 0.09950761 0.01438096 0.0196804  0.0990867  0.3750806 ]",744.8671875,739.3202514648438
256900,-0.02688374976045452,9304.222192382813,1940.0631914215687,19.408685807656397,18.109359827264242,1.5122233893557424,63.15887079831932,16.29,1027.81,2.78,0.0,0.19981917157769202,"[0.10734659 0.08853512 0.01466007 0.04447538 0.07258831 0.08186969
 0.10698434 0.01057003 0.0131718  0.10938003 0.35041866]",729.8267211914062,706.7154541015625
257000,-0.025471411668695508,9244.55576171875,1932.2309475615882,19.332406674208144,17.934714052287582,1.4431240573152337,63.03512412016088,16.29,1025.58,3.52,0.0,0.19078847706317903,"[0.09524428 0.06938805 0.03216943 0.04222937 0.06075184 0.09617576
 0.09109001 0.00680771 0.02057249 0.10492858 0.3806425 ]",731.1801147460938,724.1306762695312
257100,-0.027563774620648473,8952.926962890626,1950.536012394957,19.51832341269841,17.701326447245563,1.4076429738562093,63.085678104575166,16.28,1026.18,1.97,0.0,0.19604346945881843,"[0.10244378 0.07255478 0.01471814 0.05288855 0.06245888 0.10915497
 0.10729009 0.01008239 0.02410878 0.0974205  0.34687915]",724.9573364257812,719.6792602539062
257200,-0.028659313017269598,9698.546938476562,1937.77311621259,19.394499957000345,17.59626453388373,1.4091776745786035,63.265815660474715,16.38,1031.86,5.41,0.0,0.19031815022230147,"[0.10126286 0.07784218 0.01610653 0.04463229 0.07356015 0.09568321
 0.09629453 0.00702405 0.0245628  0.11898124 0.34405014]",732.38134765625,702.9235229492188
257300,-0.026124134858255276,9456.378198242188,1938.285626552287,19.39687908496732,17.364395424836605,1.3493504901960784,62.11541666666666,16.56,1027.86,0.84,0.0,0.1857241104543209,"[0.11287799 0.07674352 0.017279   0.04347036 0.06431945 0.09340507
 0.10065886 0.00980195 0.02078453 0.11384299 0.34681633]",703.8560791015625,717.346435546875
257400,-0.025997806019149722,9781.349340820312,1937.845035595115,19.386952829377364,17.88997893016856,1.437354446164431,62.612698443412455,16.43,1027.77,0.57,0.0,0.18606813088059426,"[0.08220167 0.07938953 0.01306209 0.06766602 0.07386076 0.08534127
 0.08850057 0.01017341 0.01472196 0.10864271 0.37644   ]",760.7457275390625,756.599365234375
257500,-0.022422887687571346,9570.764599609374,1942.404608823529,19.458897058823528,17.896360294117645,1.443566176470588,65.9079411764706,16.13,1031.93,10.54,0.0,0.20227921444922686,"[0.10061606 0.07339512 0.01650545 0.04417459 0.05355688 0.10292017
 0.0993021  0.01653468 0.02162471 0.10599441 0.36537585]",698.458984375,720.6522827148438
257600,-0.025303229143610224,8452.97486755371,1946.3086482523192,19.53354927099045,17.59413067324832,1.4049961778417661,69.5482021001874,15.83,1044.49,33.92,0.0,0.19709434680640697,"[0.09281263 0.05707372 0.01399321 0.05863576 0.0845525  0.08485901
 0.08140404 0.01069981 0.01862834 0.11030795 0.38703305]",732.1966552734375,718.772705078125
257700,-0.026085389929357918,8439.98275756836,1947.3223944934634,19.50155882352941,17.857055555555558,1.4377214052287581,65.24920915032679,16.13,1034.72,12.02,0.0,0.1870369955524802,"[0.11810618 0.0711055  0.01215895 0.04884681 0.04883931 0.11073376
 0.1025302  0.00523145 0.01787904 0.11368117 0.35088766]",681.7413330078125,702.8848876953125
257800,-0.027017621903214602,9491.006948242188,1942.9268972549014,19.443231209150326,17.50589950980392,1.3262532679738561,62.97992892156863,16.36,1029.53,1.87,0.0,0.18042530938982965,"[0.12933908 0.07298901 0.0046595  0.03537662 0.05867028 0.08865895
 0.10245581 0.00768753 0.02121817 0.10542507 0.37352   ]",675.6878662109375,671.2290649414062
257900,-0.026470695147290824,8882.626640625,1938.1762050653592,19.41484477124183,17.65185049019608,1.4148120915032678,65.18214052287581,16.14,1026.13,9.66,0.0,0.16760694909840823,"[0.13382398 0.06032004 0.00598867 0.04170801 0.06157374 0.08317215
 0.11239581 0.01084377 0.01543072 0.1166379  0.35810518]",717.7890014648438,721.6700439453125
258000,-0.022555957542499526,9782.684155273437,1933.1366854902146,19.355450179464498,17.20560469801956,1.2974399016016662,63.965699943202644,16.15,1029.77,11.71,0.0,0.18610262349247933,"[0.10176296 0.06827089 0.01179122 0.03368114 0.09309997 0.07718219
 0.11332825 0.0103475  0.01849801 0.11112067 0.36091718]",708.599853515625,726.7213134765625
258100,-0.02447207283228636,8142.889373168945,1949.018153140013,19.659556701468468,17.7668500870045,1.3821585497835498,79.5238177680163,15.43,1050.0,61.14,0.0,0.19097908368334174,"[0.08552095 0.06754468 0.00617423 0.04826637 0.08946811 0.09449632
 0.11107499 0.00682284 0.01932449 0.12480026 0.3465067 ]",782.5175170898438,775.3767700195312
258200,-0.028784453435218894,9174.626027832031,1952.0596251890754,19.538307306255838,17.911088818860875,1.4315526377217553,64.34330380485528,16.11,1032.04,8.96,0.0,0.2065070854127407,"[0.09958209 0.05942376 0.01127055 0.05178484 0.08261094 0.09744216
 0.1070483  0.0069618  0.02278899 0.11119084 0.34989575]",747.1051635742188,734.59814453125
258300,-0.02781996598583646,9438.324926757812,1941.5023476797383,19.43803676470588,17.91637908496732,1.4457491830065359,64.89993954248366,16.2,1049.17,21.43,0.0,0.196821952983737,"[0.0919392  0.05262233 0.00780961 0.05685657 0.10091209 0.07313954
 0.10468238 0.01159614 0.02181659 0.10139883 0.37722668]",732.2555541992188,718.1779174804688
258400,-0.02634518499020487,9449.10212890625,1946.0341794934639,19.469129901960784,17.953047385620913,1.4092401960784315,62.944620098039216,16.3,1025.4,0.85,0.0,0.2025534662604332,"[0.1170872  0.06052249 0.01267919 0.05653136 0.06885786 0.09290747
 0.09751347 0.01149983 0.01274846 0.10810289 0.3615498 ]",749.7305908203125,741.7492065429688
258500,-0.025484334949869663,8397.599306640624,1947.5844990196074,19.487458333333333,17.75140931372549,1.4142745098039213,63.29282843137255,16.2,1024.94,1.22,0.0,0.19452784329652786,"[0.11125568 0.06948562 0.01664411 0.06393315 0.05156057 0.08719119
 0.09414426 0.01207086 0.01100312 0.11477697 0.36793447]",732.4518432617188,725.8981323242188
258600,-0.024298807235900312,9346.101313476562,1937.471852696078,19.389305555555556,17.355224673202617,1.3030800653594772,62.37691176470588,16.46,1025.79,1.18,0.0,0.19377221077680587,"[0.08094195 0.07681537 0.03159558 0.0432943  0.0724678  0.08492616
 0.10343359 0.01089144 0.01089366 0.11966059 0.36507955]",739.29931640625,708.1764526367188
258700,-0.030080174414906652,10091.763193359375,1936.2307300920188,19.38134197626419,17.141962934296526,1.2779482284141728,62.96525696594427,16.31,1025.08,3.99,0.0,0.19389409586787223,"[0.09781771 0.05947718 0.01181719 0.03557216 0.07948518 0.08915556
 0.09758722 0.01599219 0.01217989 0.11230849 0.38860726]",665.9461669921875,682.9358520507812
258800,-0.023362713285023345,8020.806279296875,1958.0310372058823,19.60672794117647,18.10670588235294,1.485142156862745,66.23299264705882,15.9,1046.83,21.98,0.0,0.19357220731675626,"[0.12085857 0.0602129  0.00986807 0.03710677 0.07693382 0.10452485
 0.11047991 0.00917724 0.02003158 0.09275731 0.35804892]",721.9210205078125,714.7930908203125
258900,-0.023006934232544154,9356.474541015625,1953.7986701960783,19.556562091503267,17.22262091503268,1.292028594771242,63.26584967320262,16.26,1027.92,2.42,0.0,0.19852884516119956,"[0.09656501 0.0726712  0.01053053 0.04114862 0.06910793 0.10820591
 0.1028792  0.01228834 0.02170842 0.11104932 0.35384554]",710.4102783203125,724.4129028320312
259000,-0.025288265309063716,8594.808051757813,1968.3864340452844,19.70231267507003,18.073677637721755,1.3928480392156866,64.29758683473389,16.18,1037.9,12.47,0.0,0.19876879073679446,"[0.10061048 0.06599678 0.00692684 0.02608398 0.06439144 0.11134151
 0.09757545 0.01053973 0.01950691 0.09928322 0.39774367]",692.1434936523438,708.3407592773438
259100,-0.025531971644377337,9121.628946533203,1953.9082984272422,19.5854795572075,17.45938361883215,1.3189692594986713,66.3869851774043,15.98,1035.42,24.96,0.0,0.19025647900998593,"[0.11276231 0.06275364 0.01065043 0.03612028 0.07109616 0.09426867
 0.10448255 0.00560587 0.02659632 0.09972731 0.37593642]",769.1068725585938,758.3016357421875
259200,-0.027906996294623242,9190.704926757813,1952.5405007352936,19.537357026143795,17.69731209150327,1.3612214052287583,63.06481209150326,16.27,1025.34,0.62,0.0,0.19693777099251747,"[0.10015253 0.07824416 0.00573137 0.03808659 0.07880455 0.09532852
 0.11465248 0.00856946 0.01567695 0.11944482 0.34530857]",727.8221435546875,735.9205932617188
259300,-0.02773076726705767,8333.67384765625,1961.115708823529,19.61577205882353,18.48468137254902,1.5672222222222223,63.38947712418301,16.19,1025.74,0.38,0.0,0.19227342635393144,"[0.11527459 0.06876121 0.01943131 0.04342025 0.07425486 0.10317568
 0.09363496 0.00838136 0.02335168 0.09753354 0.35278052]",745.7003173828125,751.5184326171875
259400,-0.02897444714093581,8699.926860351563,1962.1447639215683,19.634690359477123,17.722346405228755,1.400154411764706,63.51340767973856,16.21,1028.94,1.26,0.0,0.19727371424436568,"[0.10986824 0.0675393  0.00801918 0.03208724 0.09133556 0.09179302
 0.09099597 0.01167426 0.01640305 0.11662425 0.36365992]",735.2610473632812,719.1158447265625
259500,-0.022447019774699584,9460.0985546875,1942.7014418464046,19.454187908496728,16.31139052287582,1.1867998366013073,62.590965686274515,16.42,1026.6,3.19,0.0,0.19296171694993972,"[0.08551817 0.07042332 0.00946987 0.03716172 0.09743486 0.08878583
 0.11440023 0.01742092 0.01927244 0.10772432 0.35238832]",727.8638305664062,719.4718017578125
259600,-0.02467126922449097,9134.504189453124,1953.3606575163396,19.542720588235294,18.02238970588235,1.4689174836601309,63.13101715686275,16.35,1031.43,0.93,0.0,0.1950033873319626,"[0.09906492 0.09261291 0.00627927 0.03523835 0.07520166 0.09956355
 0.09558137 0.00858719 0.0191701  0.10664003 0.36206067]",715.774169921875,721.60107421875
259700,-0.027153819823870436,8614.024975585937,1978.779918716153,19.798221988795518,18.27575466853408,1.4539382586367884,63.49134780578898,16.21,1028.3,2.93,0.0,0.18950054451823234,"[0.10347017 0.07080068 0.00966756 0.03960174 0.07639727 0.10550255
 0.10687592 0.01189825 0.01822184 0.10019487 0.35736915]",767.6790161132812,792.1469116210938
259800,-0.024755444733891636,8636.16427734375,1942.8788624999997,19.445497549019606,17.837405228758172,1.4219460784313727,63.42185866013073,16.3,1033.4,11.88,0.0,0.18033235847949983,"[0.10166094 0.08400102 0.01080836 0.03633799 0.06429496 0.10566417
 0.11219157 0.00859569 0.02875935 0.10246984 0.34521613]",689.1992797851562,706.2800903320312
259900,-0.025815411163493993,8690.294514160156,1937.9245551395165,19.42823906485671,16.64987543991956,1.1773061840120664,65.87168960532931,16.0,1038.56,28.39,0.0,0.16791812140494586,"[0.11639186 0.04903471 0.01331747 0.04642547 0.07320862 0.0993708
 0.10325396 0.0105311  0.01382972 0.09476247 0.37987384]",686.1070556640625,690.2986450195312
260000,-0.02049913024995476,8507.733933105468,1925.7073805753066,19.322382568411978,17.444218747755514,1.395545778567838,69.30428717769159,15.73,1040.44,32.74,0.0,0.1652861027792096,"[0.08930786 0.04850043 0.01277566 0.03324318 0.0462296  0.08397727
 0.08423095 0.00966565 0.00907582 0.09607694 0.4869167 ]",565.3812866210938,584.9507446289062
260100,-0.022740071156877092,8439.341997070313,1948.39167225167,19.512676389786684,17.96878951195863,1.4355414242620126,65.99288146412411,15.94,1043.39,22.61,0.0,0.17826558381319046,"[0.12371872 0.06368484 0.01087146 0.03798706 0.06759639 0.09648597
 0.08550288 0.01442338 0.01139347 0.10355214 0.38478372]",714.147216796875,711.455810546875
260200,-0.024142307654256002,8977.689223632813,1949.125014297385,19.5018635620915,17.955850490196077,1.440158496732026,63.68538153594772,16.23,1032.86,2.47,0.0,0.1812224282324314,"[0.11956456 0.07995306 0.0116848  0.03984559 0.05969594 0.11172891
 0.08181206 0.01477586 0.01997069 0.09591507 0.36505342]",693.4869995117188,680.2041015625
260300,-0.02249478249810636,9375.831831054687,1936.9955046534226,19.391766769865843,17.063779927760578,1.296809468524252,62.769983101135196,16.42,1029.2,7.49,0.0,0.17340342029929162,"[0.08424793 0.07965297 0.00653115 0.04392973 0.08435184 0.10526008
 0.11068649 0.00658556 0.01234527 0.11869569 0.34771326]",753.5990600585938,749.0758666992188
260400,-0.02776379941846244,9656.0673828125,1933.5350425653587,19.349906045751638,17.29996732026144,1.320841503267974,62.05689950980391,16.54,1025.54,1.41,0.0,0.1769634860754013,"[0.08693361 0.08653991 0.0105581  0.0520153  0.06425419 0.1030639
 0.09614456 0.00492101 0.0196044  0.10869892 0.3672661 ]",712.7529296875,724.4703979492188
260500,-0.025181996737373993,8686.02224609375,1965.2300069771238,19.657537581699344,18.54543790849673,1.5249673202614378,63.42212908496733,16.17,1024.88,1.74,0.0,0.19061366692185402,"[0.10227287 0.09230269 0.00709756 0.04219932 0.06234846 0.09410734
 0.09441114 0.00973274 0.01298748 0.11517498 0.36736542]",722.5859985351562,725.5970458984375
260600,-0.028704305675346403,8970.68939453125,1951.5870366013069,19.52752450980392,18.01376633986928,1.4151715686274509,63.431589052287585,16.25,1030.05,5.08,0.0,0.20316928669810294,"[0.09427606 0.08435346 0.00604179 0.043728   0.07046006 0.08058712
 0.12543866 0.00675604 0.02047151 0.12083662 0.3470507 ]",741.6052856445312,729.8123168945312
260700,-0.021659018980572,9883.393415527344,1931.0255458169925,19.343148692810455,16.60036519607843,1.1999452614379085,63.98031454248367,16.35,1042.06,15.86,0.0,0.20615162573754786,"[0.12294273 0.08087426 0.0030578  0.04601535 0.03953751 0.09695472
 0.1142185  0.01061368 0.01537932 0.10363016 0.36677593]",688.7581176757812,699.5641479492188
260800,-0.024778670883970334,8232.785220336915,1942.1419118298859,19.539811382245205,17.170028819219993,1.3178681049342813,73.81978447532859,15.61,1044.79,48.47,0.0,0.19022107034921645,"[0.07196189 0.09000541 0.0112398  0.05173285 0.0705048  0.10054401
 0.090106   0.00704803 0.02462758 0.10411894 0.3781107 ]",744.0768432617188,749.1503295898438
260900,-0.028958139142487196,8993.492709960938,1956.0761582866473,19.583580999066292,17.299078081232494,1.3369275210084033,63.956100957049486,16.21,1034.89,9.13,0.0,0.1809169065952301,"[0.11173684 0.05706803 0.01085237 0.03548186 0.05858276 0.10854096
 0.1217436  0.01359503 0.01859476 0.10845024 0.35535356]",712.5756225585938,719.9070434570312
261000,-0.023393694262485953,10163.92310546875,1944.629340856685,19.465887456669577,17.237013045434097,1.1778997016485406,62.992106602762554,16.37,1029.17,5.11,0.0,0.1904246073961258,"[0.09412386 0.05881475 0.01304596 0.04854734 0.08966398 0.12563448
 0.08617983 0.00892467 0.0181582  0.11711381 0.33979312]",769.7791137695312,770.177490234375
261100,-0.022897397968918085,8436.909846191405,1959.2345821895422,19.661535130718953,17.66100980392157,1.3469052287581702,69.05260539215686,15.92,1038.57,27.14,0.0,0.18061011165380478,"[0.09711261 0.08415385 0.01583511 0.04760826 0.06192505 0.09031572
 0.11455629 0.00610765 0.017554   0.10583968 0.35899174]",717.2636108398438,704.5863037109375
261200,-0.023446675600716844,9606.779990234376,1929.8334015694868,19.307657593739247,17.761480048159616,1.4020065789473681,62.793097480220155,16.37,1026.91,0.9,0.0,0.1864033494889736,"[0.09852859 0.08038957 0.00885398 0.05185719 0.06858524 0.09242468
 0.11427959 0.00581692 0.01560801 0.1122     0.3514562 ]",685.2767333984375,698.9468994140625
261300,-0.02291879555908963,9872.562768554688,1937.0863226307183,19.38092320261438,17.71263888888889,1.4303553921568628,62.37844771241829,16.5,1028.35,0.47,0.0,0.18579647943377495,"[0.08392955 0.07981205 0.01600602 0.05553357 0.06821781 0.08598322
 0.11147317 0.01436523 0.0135858  0.11160544 0.35948813]",727.7701416015625,738.3987426757812
261400,-0.023937432729871942,8922.4403515625,1952.9600389705877,19.535441176470588,18.2975,1.4591911764705885,63.24610294117647,16.25,1027.3,0.59,0.0,0.19247028589248658,"[0.1335042  0.07182845 0.00470166 0.04550236 0.06293269 0.10191162
 0.10363506 0.00591617 0.01881355 0.09900408 0.3522502 ]",706.0662841796875,709.1626586914062
261500,-0.02880818142555654,9450.143203125,1934.3738089869275,19.35627859477124,17.448459967320264,1.3428308823529411,61.88699346405228,16.58,1025.23,0.56,0.0,0.1851563711464405,"[0.10294207 0.08137937 0.01146833 0.05319065 0.05593535 0.09355444
 0.13313316 0.0078313  0.01961285 0.10200558 0.33894688]",734.2337036132812,744.5385131835938
261600,-0.026157580498838796,8351.031684570313,1954.0773957516335,19.547103758169936,18.263374183006537,1.4980351307189543,63.02588235294118,16.25,1023.7,0.79,0.0,0.19516120791435243,"[0.10519032 0.09012935 0.00566028 0.05031411 0.07489312 0.08820255
 0.0964471  0.01037793 0.02081621 0.09672811 0.36124092]",718.3866577148438,695.698974609375
261700,-0.028678246439667418,8991.23900390625,1957.2638121732025,19.583680555555553,17.82580882352941,1.2668096405228757,62.37047794117647,16.47,1026.56,0.74,0.0,0.20397037655115127,"[0.10774376 0.0793785  0.00845082 0.06249777 0.06831463 0.09648797
 0.10273644 0.0059369  0.01289942 0.11393137 0.3416224 ]",727.4185180664062,718.90576171875
261800,-0.025046027898788452,8927.378608398438,1941.5798877450973,19.428831699346407,17.520388071895425,1.2945465686274509,62.04894607843137,16.59,1028.63,1.07,0.0,0.1832457898557186,"[0.09998607 0.10024012 0.00794055 0.03220792 0.06968749 0.09558094
 0.10353328 0.00870859 0.01733481 0.10573674 0.3590435 ]",734.8667602539062,721.94970703125
261900,-0.02272616745904088,9645.47984375,1935.0589330882349,19.36408088235294,17.41955882352941,1.3122426470588235,62.42569852941177,16.42,1024.47,1.01,0.0,0.17994579866528512,"[0.10747296 0.07472923 0.00857218 0.06185874 0.05957957 0.10579786
 0.09196398 0.01382307 0.01377885 0.10617598 0.35624754]",742.6707763671875,734.3720092773438
262000,-0.02850299057783559,10169.544541015624,1937.920996078431,19.398366013071897,16.89033496732026,1.2748937908496731,61.9002205882353,16.69,1032.34,1.14,0.0,0.1897049854695797,"[0.11324212 0.07358556 0.02800716 0.03772049 0.05922221 0.09186625
 0.10698966 0.00653927 0.01291075 0.10871821 0.3611983 ]",750.71875,738.9262084960938
262100,-0.02217965605435893,9066.588549804688,1943.0801250816987,19.44133578431373,17.802258986928106,1.4019852941176472,62.247663398692815,16.47,1024.53,1.57,0.0,0.17224656239151956,"[0.1029941  0.08947781 0.0067932  0.04328072 0.06725973 0.10013914
 0.10254703 0.00830859 0.02088544 0.10976299 0.34855124]",717.6882934570312,731.4088134765625
262200,-0.02211755083873868,9045.924013671874,1954.9717864379083,19.563758169934644,17.504873366013072,1.30609885620915,62.205388071895435,16.48,1024.56,0.64,0.0,0.17479836627840994,"[0.10695239 0.08261131 0.01390597 0.03479243 0.07242855 0.0915102
 0.11076836 0.00680879 0.01571882 0.11003208 0.35447112]",709.0660400390625,709.3096313476562
262300,-0.02311468873056583,9553.155319824218,1948.901725980392,19.522132352941174,17.28421977124183,1.2767483660130718,64.11299428104574,16.37,1031.3,10.46,0.0,0.17549614556133747,"[0.11787614 0.07047883 0.0237141  0.02338133 0.06822455 0.10512897
 0.09506138 0.0098883  0.0174024  0.09901918 0.3698248 ]",725.8695678710938,731.6246948242188
262400,-0.02411212132719811,8905.705717773437,1942.8586608660125,19.436944444444443,17.982022058823528,1.40718954248366,62.93791666666666,16.34,1027.39,0.59,0.0,0.173160300552845,"[0.10921714 0.06476885 0.02061891 0.0294744  0.07461422 0.11878858
 0.08733299 0.00853372 0.01503708 0.11630218 0.35531193]",694.5491333007812,699.4593505859375
262500,-0.024831032163929193,11033.537543945313,1928.3710755718948,19.308419117647055,16.21254901960784,1.1229084967320262,61.48772467320262,16.78,1030.56,0.47,0.0,0.17783715516328813,"[0.10392331 0.0612171  0.01653966 0.03754658 0.07920458 0.10788212
 0.09926955 0.01645404 0.02418063 0.09450002 0.35928243]",728.8515625,720.3697509765625
262600,-0.021798827714519575,9224.728818969726,1929.8809845339135,19.514258599243895,16.55334024961966,1.197955864397041,82.18993247846923,15.6,1042.2,55.19,0.0,0.1748067108169198,"[0.10259864 0.06718301 0.00717075 0.04214261 0.07060284 0.10649159
 0.11588874 0.01529437 0.02339954 0.1069582  0.34226975]",735.06591796875,718.7490844726562
262700,-0.024553793034283445,11474.833876953126,1920.5891930039556,19.221063811489508,17.119907120743036,1.2407733488132096,61.707395940832484,16.68,1028.05,1.25,0.0,0.16566058933734895,"[0.11409882 0.06012115 0.01268149 0.02537026 0.08523341 0.09196163
 0.11324887 0.01693991 0.02226519 0.10444099 0.3536383 ]",702.1950073242188,723.4271240234375
262800,-0.022912667128257454,9739.292509765624,1943.1797020424833,19.434840686274512,18.498125,1.5677042483660129,63.09823529411765,16.3,1027.74,0.87,0.0,0.17305686056613923,"[0.12307423 0.07189161 0.0153629  0.03999128 0.06739674 0.08592895
 0.09462231 0.01532179 0.02204155 0.10420736 0.36016127]",735.5227661132812,726.950439453125
262900,-0.025506009359378367,9624.418666992187,1932.757731428448,19.337560629514964,17.693354403164776,1.3858361283109735,62.0689598383213,16.57,1027.43,0.42,0.0,0.1788529498875141,"[0.112879   0.0548582  0.01639814 0.0427182  0.08700956 0.11623567
 0.08738863 0.01054265 0.0254204  0.09771698 0.34883258]",714.4063720703125,690.948974609375
263000,-0.021205678955302575,9452.097080078125,1951.8900327551526,19.54202048768225,16.810697272498743,1.2077881473102061,62.691565799396685,16.41,1027.11,3.06,0.0,0.18047855585813521,"[0.09256267 0.0728423  0.01543133 0.04721113 0.06532344 0.09975778
 0.10638644 0.01091918 0.01377024 0.10792994 0.36786553]",709.6552124023438,715.574951171875
