epoch,loss,returns,fireworks,scores,lives,epi_length,num_epis,batch_size,illegal_moves,epsilon,entropy,avg_probs
64000,0.004042412420468671,4.009419152276294,4.024725274725275,4.009419152276294,1.01138147566719,79.74136577708006,13.071428571428571,1042.0714285714287,0.0,0.0,0.10664614768964904,"[1.1989363e-05 4.1846371e-01 2.4360804e-02 2.0553251e-05 1.9808880e-05
 1.3712763e-06 1.3788083e-06 1.7498534e-02 2.9106309e-06 5.1243637e-02
 4.8837534e-01]"
64100,0.005935215543340746,3.793186813186813,3.7976373626373623,3.793186813186813,1.0869230769230769,80.52763736263736,13.01,1047.61,0.0,0.0,0.10318752333521843,"[7.8736193e-06 3.9597258e-01 3.6250908e-02 2.2822965e-07 1.2262829e-05
 4.5839336e-08 2.4361910e-07 7.6760040e-03 2.9807774e-07 6.7905299e-02
 4.9217427e-01]"
64200,0.0043191480033419796,3.8574175824175825,3.8691208791208793,3.8608791208791207,1.0131318681318682,80.79939560439561,13.01,1051.14,0.09,0.0,0.12777354292571544,"[4.9943883e-06 3.4741959e-01 7.8502424e-02 2.9347908e-07 1.0073132e-05
 8.6379060e-08 6.8237358e-07 1.3059163e-02 5.0193296e-07 6.2144548e-02
 4.9885765e-01]"
64300,-0.005963559262791023,3.076593406593406,3.806373626373626,3.7935164835164827,1.095,82.58835164835163,12.98,1063.59,10.06,0.0,0.16088649787008763,"[1.0893798e-05 3.2287011e-01 1.0604583e-01 1.3209221e-06 1.6827787e-05
 7.0045338e-08 2.6743726e-07 1.8967038e-02 2.4264926e-07 5.4624785e-02
 4.9746266e-01]"
64400,-0.01886745674884878,3.785604395604396,3.824835164835165,3.785604395604396,0.9996153846153846,80.21219780219779,13.1,1050.4,0.0,0.0,0.19042549565434455,"[1.6291298e-05 3.0833569e-01 1.4070690e-01 6.1717437e-06 2.7583339e-05
 4.9662702e-07 2.8425379e-07 1.8381337e-02 5.2483443e-07 4.9682233e-02
 4.8284250e-01]"
64500,-0.0032192664308240636,3.7578021978021976,3.806362637362637,3.7578021978021976,0.9948608058608059,79.33415018315017,13.13,1040.95,0.0,0.0,0.16526397526264192,"[1.2412427e-05 3.0614108e-01 1.3714376e-01 4.4751181e-07 2.3579252e-05
 7.1266328e-08 3.2584884e-07 1.0900484e-02 2.2770800e-07 6.2277023e-02
 4.8350060e-01]"
64600,-0.026793346254526115,3.736195054945055,3.8314835164835173,3.736195054945055,0.9821497252747254,79.05959478021978,13.21,1043.19,0.0,0.0,0.19681522995233536,"[1.32310915e-05 2.67823756e-01 1.68489471e-01 1.60058698e-06
 2.07298799e-05 1.47176749e-07 3.45094946e-07 1.13213053e-02
 3.18091423e-07 5.71611561e-02 4.95167941e-01]"
64700,-0.030884417477063834,3.7758791208791207,3.809340659340659,3.7758791208791207,0.9973626373626374,80.41318681318681,13.08,1051.52,0.0,0.0,0.20572536379098894,"[1.1931778e-05 2.4729793e-01 1.8130958e-01 9.1517745e-07 1.9371073e-05
 8.4135493e-08 5.2942642e-07 9.3212305e-03 3.3713403e-07 6.4277768e-02
 4.9776030e-01]"
64800,-0.03321613874519244,3.762087912087912,3.7713736263736264,3.762087912087912,1.0063736263736265,80.5698901098901,13.04,1050.45,0.0,0.0,0.2110378076136112,"[1.0941633e-05 2.7914953e-01 1.5448888e-01 5.0327736e-07 1.4738836e-05
 3.5222563e-08 1.9360250e-07 8.6142756e-03 2.1455124e-07 6.3494883e-02
 4.9422583e-01]"
64900,-0.030282669773732777,2.821298076923077,3.728942307692307,3.726634615384615,1.0366346153846153,83.58509615384614,12.89,1068.82,14.81,0.0,0.21081177219748498,"[1.2428337e-05 1.9079146e-01 2.3423664e-01 2.6221362e-06 1.0946419e-05
 3.2282048e-07 7.1040307e-07 1.1399704e-02 7.2708616e-07 5.6443427e-02
 5.0710106e-01]"
65000,-0.03778596767457202,3.645595695970696,3.8452426739926744,3.7911982600732603,0.9875123626373628,81.19225824175824,13.07,1059.39,2.93,0.0,0.2082446677982807,"[6.64367835e-05 1.72553629e-01 2.41672054e-01 1.05126192e-05
 9.32945768e-05 8.35391347e-07 3.03272145e-06 1.20324865e-02
 4.56499811e-06 8.63878950e-02 4.87175316e-01]"
65100,-0.04339133902976755,3.8091208791208793,3.819285714285715,3.8091208791208793,1.000934065934066,80.97637362637363,13.02,1054.2,0.0,0.0,0.21922511145472526,"[1.3188645e-05 1.5383306e-01 2.7604136e-01 7.6826217e-07 1.4032291e-05
 1.5306023e-07 5.7634895e-07 7.7973101e-03 8.0149437e-07 6.2528059e-02
 4.9977067e-01]"
65200,-0.03474526415462606,3.366789627039628,3.7759172494172497,3.770532634032634,1.0369731934731936,82.75588111888112,12.89,1064.6,8.38,0.0,0.20712641149759292,"[1.91878116e-05 1.24862246e-01 2.99733251e-01 5.52381562e-06
 1.70985877e-05 2.06852746e-07 2.95300907e-07 1.03004863e-02
 5.34573758e-07 5.53258397e-02 5.09735346e-01]"
65300,-0.04089734190143645,3.5880681818181817,3.7938519813519815,3.776928904428904,1.0366783216783215,82.06596736596737,12.94,1061.19,4.21,0.0,0.2040806943178177,"[2.7280643e-05 1.5954475e-01 2.7082589e-01 2.5672972e-04 1.1096737e-05
 7.4332770e-06 2.7706847e-06 9.8830340e-03 6.0133234e-06 5.0777499e-02
 5.0865752e-01]"
65400,-0.0432015716470778,3.7153350815850814,3.801072261072261,3.801072261072261,1.0046153846153845,82.19688811188811,12.97,1065.76,1.91,0.0,0.20911068513989448,"[1.6384913e-05 2.2521867e-01 2.0385870e-01 1.9314027e-06 1.8392904e-05
 2.9554644e-07 8.7912986e-07 1.4260503e-02 4.2716329e-07 5.5703606e-02
 5.0092018e-01]"
65500,-0.04435274875722826,3.8280769230769227,3.8315384615384613,3.828461538461538,1.013076923076923,81.65538461538462,13.0,1061.52,0.01,0.0,0.21303422510623932,"[8.5919364e-06 1.6230047e-01 2.7164203e-01 4.1471458e-07 1.9327072e-05
 1.0611934e-07 3.0307467e-07 1.1902433e-02 3.7920606e-07 6.1943546e-02
 4.9218243e-01]"
65600,-0.05481428422033787,3.802307692307693,3.806153846153846,3.802307692307693,1.0369230769230768,81.10230769230769,13.0,1054.33,0.0,0.0,0.210982064306736,"[3.2508859e-05 1.0031413e-01 3.3795583e-01 3.2006403e-06 5.5113011e-05
 4.7225598e-07 7.3660482e-07 5.9042326e-03 1.5660546e-06 6.0445551e-02
 4.9528667e-01]"
65700,-0.05869947301223874,3.7330769230769234,3.7330769230769234,3.7330769230769234,1.1476923076923076,80.77153846153846,13.0,1050.03,0.0,0.0,0.22209665566682815,"[1.43767802e-05 1.23602845e-01 3.19777459e-01 3.37208512e-05
 1.79999442e-05 2.59376208e-07 2.70144056e-07 6.83107600e-03
 5.75511308e-07 5.94416671e-02 4.90279764e-01]"
65800,-0.05362559913657606,3.817087912087912,3.8303846153846153,3.828241758241758,1.0261538461538462,80.2478021978022,13.01,1043.99,0.29,0.0,0.23679327756166457,"[1.5097273e-05 1.7737240e-01 2.5416505e-01 1.3844993e-06 1.1202321e-05
 1.1630509e-07 2.9933906e-07 6.5305298e-03 5.1803556e-07 6.2904678e-02
 4.9899870e-01]"
65900,-0.04640602729283273,3.7376923076923076,3.747692307692307,3.7376923076923076,1.006923076923077,81.11,13.0,1054.43,0.0,0.0,0.21187327399849892,"[2.4449339e-05 2.2479199e-01 2.0280172e-01 2.0627747e-06 2.3182367e-05
 1.4715359e-07 3.5705742e-07 1.1541673e-02 8.7668570e-07 6.3375115e-02
 4.9743837e-01]"
66000,-0.03465016342699528,3.6604047619047617,3.798948717948718,3.6990586080586083,0.9746483516483518,80.49897619047618,13.12,1055.25,0.96,0.0,0.2004693028330803,"[1.91051859e-05 2.42239848e-01 1.86184943e-01 8.20023502e-07
 1.81964588e-05 1.04668565e-07 4.89701961e-07 5.67932148e-03
 6.39824862e-07 7.44990110e-02 4.91357505e-01]"
66100,-0.023620497422525658,2.0360486596736598,3.733536130536131,3.7258438228438235,1.0192307692307692,85.27157342657343,12.84,1072.82,21.43,0.0,0.19388694882392885,"[1.6865024e-05 2.6791438e-01 1.5992323e-01 3.5037341e-05 1.1492012e-05
 2.0601417e-06 1.6113788e-06 2.0981305e-03 1.3244440e-06 7.0782796e-02
 4.9921304e-01]"
66200,-0.020154613222694025,3.6992307692307698,3.733901098901099,3.6992307692307698,0.9894505494505494,81.05236263736263,13.04,1056.72,0.0,0.0,0.1963476985692978,"[1.7848346e-05 2.8725454e-01 1.4399040e-01 1.0538768e-06 1.4869064e-05
 3.2179460e-07 6.1867564e-07 3.9959354e-03 9.7835971e-07 6.0944788e-02
 5.0377870e-01]"
66300,-0.020217573739937506,3.7129120879120876,3.728626373626373,3.7129120879120876,0.9978571428571429,81.20302197802198,13.02,1057.14,0.0,0.0,0.1902310159802437,"[1.1267102e-05 2.5295722e-01 1.7861566e-01 4.5736667e-07 1.2433709e-05
 1.1091492e-07 2.2770965e-07 6.1579547e-03 5.0174157e-07 6.7360125e-02
 4.9488404e-01]"
66400,-0.03735809701960534,3.783076923076923,3.79,3.7846153846153845,1.0084615384615383,81.2546153846154,13.0,1056.31,0.04,0.0,0.21260411381721497,"[1.0601679e-05 2.1849722e-01 2.1221599e-01 4.6895826e-07 9.0093654e-06
 6.8924749e-08 2.0094436e-07 1.1943077e-02 3.7619441e-07 6.3042611e-02
 4.9428037e-01]"
66500,-0.04547383240656927,-0.37490093240093236,3.7975407925407927,3.7929254079254076,1.0092948717948718,90.20489510489512,12.71,1071.61,29.4,0.0,0.21875173334032297,"[9.6226549e-06 2.2772843e-01 2.0024779e-01 1.6861121e-07 7.9971360e-06
 4.8155602e-08 1.3019795e-07 8.4563475e-03 2.6686845e-07 6.3127503e-02
 5.0042170e-01]"
66600,-0.05270534630515613,3.7863003663003663,3.8156868131868134,3.813543956043956,1.0208241758241758,81.85779304029303,13.0,1064.08,0.69,0.0,0.23327321991324423,"[1.7139044e-05 1.6901119e-01 2.6478550e-01 6.4090582e-06 1.8481318e-05
 1.1531228e-07 2.1696000e-07 1.0985611e-02 5.4833390e-07 5.7435602e-02
 4.9773917e-01]"
66700,-0.055832126415334644,3.66989010989011,3.707472527472527,3.66989010989011,0.9982967032967034,80.39719780219781,13.1,1052.71,0.0,0.0,0.23941286966204645,"[7.5523576e-06 2.0760135e-01 2.3047467e-01 4.4514266e-07 1.0345992e-05
 9.6806666e-08 3.6530204e-07 1.1250868e-02 4.9861256e-07 5.7206627e-02
 4.9344721e-01]"
66800,-0.055237971520982684,3.7599358974358967,3.7865384615384614,3.7865384615384614,1.0484615384615386,81.52807692307694,12.99,1059.02,0.66,0.0,0.238138467669487,"[7.4081909e-06 1.2829624e-01 3.0702233e-01 8.4871690e-06 7.1789018e-06
 3.0587714e-07 3.1668526e-07 1.2152224e-02 3.6319420e-07 6.3120604e-02
 4.8938462e-01]"
66900,-0.043505676523782316,3.759835164835164,3.770274725274725,3.76098901098901,1.0355494505494505,80.80906593406593,13.03,1052.8,0.03,0.0,0.21476936623454093,"[2.7235781e-05 1.5876175e-01 2.8209996e-01 8.8180614e-06 4.0592877e-05
 4.7441375e-07 1.5369728e-06 7.3481086e-03 3.8726180e-06 5.7274971e-02
 4.9443272e-01]"
67000,-0.04285439749248326,3.821538461538461,3.821538461538461,3.821538461538461,1.0669230769230769,79.63307692307693,13.0,1035.23,0.0,0.0,0.2022041380405426,"[1.32405203e-05 1.15864083e-01 3.23479414e-01 9.68937684e-07
 2.22080107e-05 1.18899464e-07 5.61120260e-07 1.16019193e-02
 9.63640673e-07 6.37550130e-02 4.85261500e-01]"
67100,-0.03793718235101551,3.8443956043956047,3.8760989010989015,3.8443956043956047,0.9928571428571428,79.52252747252747,13.08,1039.87,0.0,0.0,0.18319520860910415,"[1.7221295e-05 8.7762386e-02 3.5313508e-01 5.6602175e-07 2.2516890e-05
 5.8661310e-08 1.4191735e-07 1.4051310e-02 6.6293961e-07 5.7281356e-02
 4.8772869e-01]"
67200,-0.027152831966523083,3.8146153846153847,3.8146153846153847,3.8146153846153847,1.066153846153846,80.12153846153846,13.0,1041.58,0.0,0.0,0.13641093663871287,"[9.2936334e-06 1.5085394e-02 4.2732733e-01 1.4711011e-06 1.2328569e-05
 1.8011443e-07 7.4638024e-07 7.4657975e-03 1.5366854e-06 6.4204693e-02
 4.8589122e-01]"
67300,-0.011180745814926922,3.907582417582418,3.919010989010989,3.907582417582418,1.0264285714285715,79.58236263736264,13.05,1038.36,0.0,0.0,0.09585270553827285,"[1.6849195e-05 4.8379428e-03 4.3962193e-01 4.3937735e-06 1.0119527e-05
 1.6062444e-06 3.0776405e-06 7.6943976e-03 2.2192974e-06 5.6285437e-02
 4.9152207e-01]"
67400,-0.006511912214045878,3.8031868131868136,3.8110439560439557,3.8031868131868136,1.0054945054945055,79.29879120879122,13.02,1032.37,0.0,0.0,0.0888833674043417,"[6.7591500e-06 4.0632095e-03 4.4712883e-01 1.5863417e-07 6.6800449e-06
 6.3458572e-08 1.7901502e-07 5.6091947e-03 4.4194914e-07 7.5652428e-02
 4.6753210e-01]"
67500,-0.004366513528075302,2.4128968253968255,3.8221855921855923,3.8062515262515255,1.0036385836385835,81.02339438339438,12.92,1030.91,20.1,0.0,0.08499614518135785,"[1.33360845e-05 4.63055912e-03 4.40217167e-01 4.70696165e-07
 1.40961483e-05 1.27840920e-07 3.90038082e-07 7.24678533e-03
 1.32912317e-06 6.95499405e-02 4.78325725e-01]"
67600,-0.003816863756510429,1.841778721278721,3.825999333999334,3.8007612387612384,0.9978937728937729,82.33588478188477,12.85,1039.15,31.05,0.0,0.08579312648624182,"[1.6828919e-05 2.4493074e-03 4.3975168e-01 4.4467245e-07 1.4189294e-05
 2.2767705e-07 5.8554684e-07 3.6885648e-03 5.7215070e-06 7.1230784e-02
 4.8284173e-01]"
67700,-0.0046154770114662826,3.6689253124326653,3.8350399429002375,3.670079158586512,0.9752248437836676,76.8796253232062,13.47,1032.88,0.03,0.0,0.0830852347612381,"[9.8771197e-06 2.5459977e-03 4.5139533e-01 2.0013567e-06 8.3163086e-06
 1.6007112e-07 2.9431715e-07 8.6140726e-03 3.1693737e-06 5.7289049e-02
 4.8013180e-01]"
67800,-0.0011728091212717118,-2.3348709623709625,3.714965367965368,3.7035367965367967,1.0730855810855813,89.48558275058275,12.59,1065.97,87.72,0.0,0.08150753036141395,"[1.1250220e-05 3.1661296e-03 4.5200878e-01 2.4198305e-06 9.6703488e-06
 2.0126096e-07 2.9053732e-07 8.5766707e-03 4.0233631e-06 5.9196163e-02
 4.7702441e-01]"
67900,-0.0044294299621105895,-9.768616605616605,3.8028989898989902,3.748530691530692,0.9998240093240094,103.69924553224551,12.31,1060.69,111.33,0.0,0.08610362347215414,"[9.8348364e-06 1.8609223e-03 4.5061237e-01 3.7939461e-07 9.3256785e-06
 7.0181301e-08 1.8716960e-07 6.8633384e-03 1.3115582e-05 6.0641572e-02
 4.7998896e-01]"
68000,-0.006390418536248035,3.732802197802198,3.7609890109890114,3.753571428571429,1.0415934065934065,79.00351648351649,13.01,1027.8,0.54,0.0,0.0888248285278678,"[7.2771140e-06 5.3588673e-03 4.3518442e-01 1.8466001e-07 6.9397897e-06
 8.4902261e-08 1.9671307e-07 9.9687800e-03 6.3097450e-06 6.8083040e-02
 4.8138392e-01]"
68100,-0.009211944468697766,3.8122527472527477,3.8297802197802198,3.818021978021978,1.0462637362637361,78.68527472527474,13.02,1024.4,0.15,0.0,0.09536648385226726,"[1.2552271e-05 6.5189269e-03 4.2301077e-01 1.3044279e-06 1.2334131e-05
 1.6856804e-07 4.6377838e-07 1.4696280e-02 5.0656690e-06 7.8182012e-02
 4.7756019e-01]"
68200,-0.006321591964078835,3.779065934065934,3.8126373626373624,3.779065934065934,1.0044505494505496,79.59082417582418,13.13,1044.52,0.0,0.0,0.08943583860993386,"[1.43690522e-05 1.19633153e-02 4.29129481e-01 5.90984484e-07
 1.32470595e-05 1.39402445e-07 4.01144689e-07 1.06082708e-02
 6.07129823e-06 6.15787096e-02 4.86685336e-01]"
68300,-0.011534372513124254,3.6991483516483514,3.7321611721611725,3.7133150183150185,1.0832509157509156,81.23665750915751,13.01,1056.76,0.34,0.0,0.10025431722402572,"[1.3926357e-05 1.9079890e-02 4.0530580e-01 6.8975385e-07 1.2275917e-05
 2.5461216e-07 4.8502108e-07 1.1550273e-02 1.9200968e-06 6.4609528e-02
 4.9942496e-01]"
68400,-0.011810241740604396,3.8307142857142855,3.848516483516483,3.83532967032967,1.0040659340659341,81.28021978021978,13.04,1059.72,0.12,0.0,0.10084275402128696,"[1.6982080e-05 9.0275118e-03 4.1661617e-01 7.0914115e-07 6.2676786e-06
 2.9880258e-07 8.1524007e-07 1.1317973e-02 1.0339766e-06 5.7665516e-02
 5.0534672e-01]"
68500,-0.008847447984444444,3.7424679487179486,3.7786538461538464,3.7632692307692306,1.0455128205128206,81.61846153846153,12.99,1060.18,0.51,0.0,0.09154682237654925,"[4.0726856e-05 8.8339737e-03 4.2089671e-01 4.5999565e-07 5.9711201e-06
 1.4421990e-07 4.5459015e-07 1.2553477e-02 1.3019508e-06 5.6723796e-02
 5.0094295e-01]"
68600,-0.016814765856033774,3.72489010989011,3.769835164835165,3.729120879120879,1.005,81.2354945054945,13.04,1059.09,0.11,0.0,0.11521144270896912,"[4.0765666e-05 1.8207714e-02 4.0784606e-01 1.2947903e-06 1.2283361e-05
 1.8078013e-07 3.5066086e-07 1.4254895e-02 2.8436912e-06 5.8628302e-02
 5.0100529e-01]"
68700,-0.027535775961587204,3.7080219780219776,3.749065934065934,3.71532967032967,1.0035714285714286,81.20098901098902,13.05,1059.38,0.19,0.0,0.13238422870635985,"[1.04421313e-04 3.90670411e-02 3.91039014e-01 7.59722411e-07
 1.14216145e-05 1.72452829e-07 5.98658858e-07 1.50676332e-02
 2.78579205e-06 5.91244027e-02 4.95581746e-01]"
68800,-0.04538284736685455,3.753461538461538,3.7676373626373616,3.753461538461538,1.0062637362637363,80.11956043956043,13.02,1043.08,0.0,0.0,0.18668223142623902,"[1.6323560e-04 1.5670836e-01 2.8504631e-01 8.5958745e-06 1.4267994e-05
 6.4797223e-07 5.4471006e-06 2.3172129e-02 2.8199090e-06 5.1952120e-02
 4.8292610e-01]"
68900,-0.05315090902149677,3.204725274725275,3.8042429792429795,3.760836385836386,0.9996703296703298,81.49665445665445,13.02,1056.47,10.01,0.0,0.2106471499055624,"[4.2472736e-04 1.8753776e-01 2.5047350e-01 1.7528280e-06 1.3969904e-05
 2.0201341e-07 2.7872414e-07 1.8529952e-02 2.8623201e-06 5.7729550e-02
 4.8528549e-01]"
69000,-0.04093158868723549,3.5449743589743594,3.6688461538461534,3.5449743589743594,0.9655494505494505,78.77461538461539,13.32,1047.58,0.0,0.0,0.2053031088411808,"[2.7991444e-04 2.6125407e-01 1.7335618e-01 6.3322987e-06 1.0072874e-05
 3.7031796e-07 1.3029743e-06 1.8747250e-02 1.5326399e-06 5.3389527e-02
 4.9295342e-01]"
69100,-0.04559478127397597,3.6585714285714284,3.670714285714285,3.6585714285714284,1.1247252747252747,79.6512087912088,13.06,1039.97,0.0,0.0,0.21842593371868133,"[9.1508613e-05 1.4683309e-01 3.0109835e-01 6.6438366e-07 7.0779079e-06
 1.2366337e-07 3.0732937e-07 5.9513091e-03 2.4128174e-06 6.3975438e-02
 4.8203978e-01]"
69200,-0.05071373628685251,1.8325929070929072,3.750731601731602,3.7357316017316013,1.0534139194139194,81.94528937728938,12.87,1029.86,21.52,0.0,0.2321238188445568,"[1.0673501e-04 2.0984446e-01 2.4006885e-01 2.8698328e-06 1.3661876e-05
 6.7982069e-07 1.4088246e-06 1.1613623e-02 1.4659212e-05 6.5528773e-02
 4.7280431e-01]"
69300,-0.030850675257679542,3.7628571428571433,3.7780219780219784,3.7751648351648353,1.0946703296703297,79.40313186813187,13.01,1032.99,0.32,0.0,0.2314387382566929,"[3.4360095e-05 3.2312196e-01 1.1814310e-01 2.4839525e-07 5.3825547e-06
 9.0032231e-08 1.3686653e-07 5.8619510e-03 3.0251556e-06 6.1595038e-02
 4.9123469e-01]"
69400,-0.025552246212027965,3.756318681318681,3.7734615384615378,3.756318681318681,1.0065384615384616,80.3295054945055,13.07,1049.62,0.0,0.0,0.22533306121826172,"[2.3191207e-05 2.3239875e-01 2.0086338e-01 1.3031409e-07 2.0479358e-06
 5.9714701e-08 9.6120743e-08 9.1241822e-03 1.4940259e-06 6.4135574e-02
 4.9345115e-01]"
69500,-0.04794010890414938,3.810769230769231,3.8129120879120877,3.810769230769231,1.0131318681318682,81.2139010989011,13.01,1056.55,0.0,0.0,0.23731852769851686,"[7.3568546e-05 1.7364924e-01 2.5696728e-01 3.7790544e-06 1.0703851e-05
 9.5946746e-07 2.4351684e-06 9.9164555e-03 4.8862730e-06 6.1822619e-02
 4.9754816e-01]"
69600,-0.0457241103774868,3.857637362637363,3.8626373626373636,3.857637362637363,1.0047252747252748,80.19587912087913,13.02,1044.07,0.0,0.0,0.23337121725082396,"[4.6265282e-05 2.8664666e-01 1.4024536e-01 5.2102797e-07 2.5863844e-06
 1.4217122e-07 3.6093766e-07 1.2245886e-02 2.2219601e-06 6.1327819e-02
 4.9948213e-01]"
69700,-0.034404328619129954,3.806978021978022,3.8112637362637365,3.806978021978022,1.0085714285714287,80.03500000000001,13.02,1041.98,0.0,0.0,0.21992086008191108,"[8.9497284e-05 2.3377386e-01 2.0888545e-01 7.3550797e-07 3.5415540e-06
 3.0092824e-07 3.8827076e-07 1.1772243e-02 5.2134737e-06 6.1951403e-02
 4.8351741e-01]"
69800,-0.040605902755633,3.3773489010989017,3.8222344322344326,3.7944322344322345,1.0163186813186813,80.2023076923077,13.01,1042.53,10.01,0.0,0.2286228984594345,"[1.3979166e-04 2.3138753e-01 2.1273120e-01 5.3424554e-07 2.5328404e-06
 1.8738719e-07 2.7470364e-07 1.5572048e-02 4.5703828e-06 5.2808825e-02
 4.8735249e-01]"
69900,-0.04509561747312546,3.790851648351648,3.8295054945054936,3.791923076923076,0.9979670329670332,79.89269230769231,13.04,1041.62,0.03,0.0,0.2304157581925392,"[1.4450964e-04 1.8215917e-01 2.5601277e-01 1.5113117e-06 3.1561474e-06
 7.0957191e-07 4.1667477e-06 1.1291382e-02 2.6640996e-06 6.0679514e-02
 4.8970041e-01]"
70000,-0.03687079762807116,3.1997311022311026,3.735849983349983,3.688157675657676,1.0673443223443224,81.69532134532136,12.98,1059.98,12.32,0.0,0.22578591898083686,"[4.7063341e-04 2.8892979e-01 1.4706822e-01 8.6561994e-07 3.9434481e-06
 3.1396195e-07 5.9106100e-07 1.2702422e-02 5.6803251e-06 5.0692238e-02
 5.0012529e-01]"
70100,-0.020159144536592066,2.0813324175824177,3.848928571428571,3.7789285714285716,0.9958241758241759,83.4090567765568,12.94,1056.92,20.75,0.0,0.202563460431993,"[1.3328072e-03 2.9969946e-01 1.3054211e-01 2.8914578e-06 3.3051733e-06
 1.8695991e-06 2.2864917e-06 1.6224161e-02 1.1563326e-05 5.1830452e-02
 5.0034910e-01]"
70200,-0.028297397047281264,-1.3069126290376292,3.857224941724942,3.844038128538129,1.0272827172827173,91.14819721944721,12.62,1066.42,44.19,0.0,0.21441473659127952,"[6.5652479e-04 2.4472867e-01 1.8483633e-01 5.4275193e-07 1.4854778e-06
 1.8123902e-07 2.2014281e-07 1.1660800e-02 2.5459501e-06 5.9155241e-02
 4.9895751e-01]"
70300,-0.02876764962042216,-0.15864607614607537,3.7811211011211014,3.765901320901321,1.0280036630036629,89.18479492729492,12.69,1076.15,42.19,0.0,0.21277916233986616,"[1.2521534e-03 1.9061431e-01 2.3515856e-01 8.8117469e-07 2.2091033e-06
 2.4980903e-07 3.8939541e-07 1.2470393e-02 4.7109856e-06 6.1647262e-02
 4.9884883e-01]"
70400,-0.044234817931428555,3.5510096153846153,3.813653846153846,3.8067307692307693,1.054326923076923,81.97826923076926,12.95,1059.13,4.18,0.0,0.213991619348526,"[6.6236791e-04 1.1984691e-01 3.0390337e-01 6.6325543e-07 1.4810456e-06
 2.3901120e-07 4.0866146e-07 9.5532537e-03 1.4638515e-06 6.6442072e-02
 4.9958780e-01]"
70500,-0.035963674858212474,1.9629171106671106,3.8108153513153518,3.8046615051615063,1.0092307692307692,85.47926817626818,12.69,1065.55,27.72,0.0,0.18146770641207696,"[6.1292108e-04 5.9145086e-02 3.5926276e-01 6.8489436e-07 1.8721826e-06
 2.6925801e-07 3.6535974e-07 1.5341689e-02 1.8328278e-06 6.2384736e-02
 5.0324780e-01]"
70600,-0.03686481031356379,3.753365384615385,3.7976923076923077,3.7953846153846147,1.027820512820513,82.00064102564103,12.98,1064.29,1.02,0.0,0.1614995850622654,"[4.8875739e-04 9.5197953e-02 3.4157655e-01 1.7244450e-06 8.7893932e-07
 4.1213704e-07 2.4751141e-06 2.1997597e-02 1.4861940e-06 4.3852892e-02
 4.9687928e-01]"
70700,-0.04575671276077628,2.5301388888888887,3.831517094017094,3.831517094017094,1.0309615384615385,84.82488247863247,12.8,1070.93,18.45,0.0,0.1912464852631092,"[3.10224103e-04 1.12491034e-01 3.16912800e-01 3.68244059e-07
 9.22100185e-07 1.88932134e-07 2.82424025e-07 2.16799881e-02
 1.09613381e-06 5.27613759e-02 4.95841712e-01]"
70800,-0.04092834829352796,3.806373626373626,3.8338461538461543,3.806373626373626,0.993901098901099,81.35626373626374,13.01,1058.4,0.0,0.0,0.16507191181182862,"[3.64050240e-04 5.59788644e-02 3.71212542e-01 3.64245068e-07
 8.06340779e-07 1.73789246e-07 1.58451144e-07 1.47535615e-02
 1.04840990e-06 5.80255538e-02 4.99662936e-01]"
70900,-0.03668524081091164,3.797307692307692,3.853681318681319,3.7980769230769234,0.9842307692307692,80.800989010989,13.05,1054.19,0.02,0.0,0.16742942854762077,"[5.6821923e-04 1.3693157e-01 2.9394054e-01 2.0987789e-06 2.2914653e-06
 7.9164107e-07 3.9758177e-07 1.6892834e-02 3.6951915e-06 4.8660919e-02
 5.0299656e-01]"
71000,-0.052971777655184266,3.7942857142857145,3.8237362637362637,3.7942857142857145,1.017857142857143,80.97186813186813,13.02,1054.14,0.0,0.0,0.2326631599664688,"[6.2788907e-04 1.2391864e-01 3.0957952e-01 5.9884212e-07 1.1487523e-06
 3.8802975e-07 2.7594328e-07 1.7830743e-02 1.7201801e-06 5.4599632e-02
 4.9343944e-01]"
71100,-0.05188106492161751,3.7585714285714276,3.7879120879120878,3.758956043956043,1.0033516483516483,81.09510989010988,13.04,1057.3,0.01,0.0,0.2239671030640602,"[2.8622811e-04 1.6481780e-01 2.6142198e-01 3.0578997e-07 8.9585365e-07
 3.7274444e-07 2.6388179e-07 1.8880807e-02 1.7170213e-06 5.6392871e-02
 4.9819678e-01]"
71200,-0.05314241150394082,3.8438461538461537,3.8469230769230762,3.8438461538461537,1.0153846153846153,80.84384615384616,13.0,1050.97,0.0,0.0,0.2331591382622719,"[3.3643731e-04 1.9843312e-01 2.4283819e-01 4.3473977e-07 1.9382890e-06
 5.4417410e-07 4.6246589e-07 1.5331096e-02 1.0779945e-06 6.2724106e-02
 4.8033258e-01]"
71300,-0.047405390478670595,3.730934065934066,3.7454945054945057,3.730934065934066,1.0025274725274727,80.74043956043957,13.04,1052.69,0.0,0.0,0.21270654380321502,"[2.5438322e-04 2.3433204e-01 2.0644601e-01 2.5280133e-07 1.2983737e-06
 3.0819652e-07 1.4764274e-07 1.5669571e-02 3.6001063e-07 4.7080692e-02
 4.9621496e-01]"
71400,-0.04618670103140175,3.82,3.8230769230769233,3.82,1.0576923076923075,81.14076923076922,13.0,1054.83,0.0,0.0,0.20487164631485938,"[2.4667406e-04 2.1267022e-01 2.2312762e-01 2.6158028e-07 1.9655358e-06
 5.5203498e-07 2.0326684e-07 1.8221023e-02 4.3104092e-07 5.9841540e-02
 4.8588952e-01]"
71500,-0.040367923458106816,3.1106730769230766,3.858461538461538,3.858461538461538,1.003076923076923,82.76253663003664,12.93,1061.63,10.8,0.0,0.19447392404079436,"[2.4681436e-04 1.8180744e-01 2.1447547e-01 3.6426562e-07 1.4767729e-06
 6.0173363e-07 1.5887958e-06 1.9712618e-02 6.9496002e-07 4.8100349e-02
 5.3565258e-01]"
71600,-0.041627593874000016,2.984684065934066,3.8403205128205133,3.8308699633699637,1.0093406593406593,82.97671245421245,12.93,1061.69,10.3,0.0,0.18965026117861272,"[2.76194565e-04 1.20269574e-01 3.12635899e-01 3.78924597e-07
 2.58920704e-06 2.03824766e-06 2.22797695e-07 1.72137879e-02
 7.81221559e-07 5.75270653e-02 4.92071480e-01]"
71700,-0.04505627049133182,3.817197802197802,3.8472527472527474,3.824505494505494,0.997032967032967,81.16401098901099,13.02,1056.67,0.19,0.0,0.17574385687708854,"[3.5466379e-04 1.5948331e-01 2.7447465e-01 2.9831344e-06 3.5265143e-06
 2.3721027e-06 7.5513203e-06 1.6759750e-02 3.6090305e-06 5.3528141e-02
 4.9537948e-01]"
71800,-0.04326407365500927,3.755938644688645,3.791446886446886,3.7746886446886454,0.9946703296703296,81.2335989010989,13.0,1055.95,0.45,0.0,0.1701391653716564,"[2.7774036e-04 1.0231287e-01 3.3633792e-01 7.3060102e-07 6.6964035e-06
 2.1710753e-06 3.0647527e-07 1.9061342e-02 1.3508072e-06 5.4567955e-02
 4.8743093e-01]"
71900,-0.03732328794896603,3.8310989010989003,3.8469230769230762,3.8310989010989003,1.0062637362637363,80.5212087912088,13.02,1048.3,0.0,0.0,0.1539399167895317,"[3.3849003e-04 8.5146263e-02 3.5503662e-01 1.4787297e-06 8.1110875e-06
 1.8312119e-06 6.8984747e-07 1.4067316e-02 1.2439084e-06 5.3503297e-02
 4.9189469e-01]"
72000,-0.03773708391818218,3.7546153846153847,3.7546153846153847,3.7546153846153847,1.0784615384615384,80.48692307692308,13.0,1046.33,0.0,0.0,0.15911000803112985,"[2.8517901e-04 1.0846784e-01 3.3220959e-01 6.4512767e-07 1.0343579e-05
 1.3601718e-06 1.8001199e-07 1.4601698e-02 5.9731582e-07 5.9271000e-02
 4.8515159e-01]"
72100,-0.03338205557431138,3.794175824175824,3.8024725274725273,3.794175824175824,1.0046703296703299,80.21835164835164,13.01,1043.59,0.0,0.0,0.14217139959335326,"[4.3086946e-04 7.6764606e-02 3.6156195e-01 1.0493793e-06 7.4236646e-06
 1.4462133e-06 2.1154423e-07 1.1882704e-02 5.5404490e-07 6.5831631e-02
 4.8351753e-01]"
72200,-0.029145031687803566,3.878406593406593,3.915824175824176,3.878791208791209,0.9943406593406594,79.71406593406594,13.05,1040.06,0.01,0.0,0.1357784429937601,"[2.6939993e-04 9.6985154e-02 3.4083813e-01 1.1493488e-06 1.1268532e-05
 2.9286784e-06 2.1929324e-07 1.6704760e-02 1.1869416e-06 6.2581569e-02
 4.8260421e-01]"
72300,-0.033934166154358535,3.787252747252747,3.7936813186813185,3.787252747252747,1.0054945054945055,80.65010989010989,13.02,1049.99,0.0,0.0,0.14377252131700516,"[2.4638735e-04 1.2630972e-01 2.9904032e-01 6.9633711e-07 8.4398125e-06
 2.0471975e-06 4.4748660e-07 1.8886060e-02 8.6554871e-07 5.1361520e-02
 5.0414360e-01]"
72400,-0.0314757913351059,3.592,3.835615384615384,3.8009999999999997,0.9930769230769232,81.6306153846154,12.97,1057.49,4.18,0.0,0.1469828736782074,"[8.38573847e-04 1.28031686e-01 3.01718593e-01 1.08958125e-06
 1.52579505e-05 3.34882202e-06 2.13421814e-07 1.80410147e-02
 9.97538223e-07 4.92949300e-02 5.02054334e-01]"
72500,-0.03637983958702534,3.797527472527472,3.8295054945054936,3.797527472527472,0.9941208791208791,80.38038461538461,13.03,1047.22,0.0,0.0,0.1615016734600067,"[1.0220676e-03 1.2847511e-01 3.0401710e-01 7.6354945e-07 1.6845954e-05
 4.1873950e-06 1.4663115e-07 1.6238565e-02 3.9852665e-07 5.1700607e-02
 4.9852422e-01]"
72600,-0.03687337441602722,3.8323076923076917,3.8353846153846147,3.8323076923076917,1.0023076923076923,80.10615384615384,13.0,1041.38,0.0,0.0,0.17028385698795317,"[2.1870041e-03 1.2961209e-01 3.1093681e-01 1.3011977e-06 2.5163887e-05
 2.1898427e-06 2.8704571e-07 1.3307468e-02 5.6568877e-07 5.9870724e-02
 4.8405635e-01]"
72700,-0.039227341489167886,3.829455128205128,3.842371794871795,3.842371794871795,1.0,79.97538461538461,12.99,1038.84,0.31,0.0,0.17342333272099494,"[6.2746285e-03 1.0233098e-01 3.3192357e-01 3.0682629e-06 5.5852546e-05
 2.6949274e-06 2.3845848e-06 1.7613880e-02 9.5029463e-07 6.0630936e-02
 4.8116103e-01]"
72800,-0.03989208909450099,3.850384615384616,3.8807142857142862,3.8588461538461543,0.99489010989011,79.18846153846154,13.04,1032.51,0.22,0.0,0.17979209944605828,"[1.2377981e-03 1.6080016e-01 2.8106809e-01 4.5420493e-06 4.1616298e-05
 3.7387190e-06 3.7647845e-07 1.9905852e-02 1.0260799e-06 5.8230493e-02
 4.7870630e-01]"
72900,-0.033460693606175484,3.7841501831501834,3.826318681318682,3.785688644688645,0.9914065934065934,79.76844322344323,13.07,1042.22,0.04,0.0,0.1768305353820324,"[8.9367758e-04 1.6140200e-01 2.7974775e-01 2.1783064e-06 4.2363994e-05
 2.9683397e-06 3.7374252e-07 1.3835884e-02 6.9675082e-07 6.1397169e-02
 4.8267487e-01]"
73000,-0.02767291567273787,3.7642307692307697,3.7761538461538464,3.7738461538461543,1.0,80.93230769230769,13.0,1052.12,0.25,0.0,0.17109095111489295,"[1.5233838e-03 1.5217289e-01 2.8398427e-01 4.0217965e-06 7.3933581e-05
 5.5656974e-06 6.9546104e-07 5.5910409e-03 1.5692433e-06 5.7714749e-02
 4.9892780e-01]"
73100,-0.02978036009357311,3.825164835164835,3.84989010989011,3.8347802197802197,1.006978021978022,80.48686813186812,13.01,1047.1,0.25,0.0,0.17707111537456513,"[6.1225414e-04 7.6046973e-02 3.6026034e-01 2.9159733e-06 4.5798937e-05
 3.9008182e-06 1.2601624e-06 9.3853232e-03 9.5501127e-07 5.9323419e-02
 4.9431688e-01]"
73200,-0.026556052527812426,3.791126373626373,3.8157142857142854,3.800714285714285,0.9995054945054944,79.65049450549449,13.06,1040.02,0.25,0.0,0.17466987818479537,"[9.7762689e-04 8.1694447e-02 3.7159181e-01 1.0800622e-05 1.1176734e-04
 9.7418069e-06 5.4184261e-07 1.1249949e-02 1.8346200e-06 5.5668958e-02
 4.7868252e-01]"
73300,-0.02665548334480263,3.0586556776556773,3.7992802197802193,3.7490897435897437,0.9904175824175825,79.6258021978022,13.11,1040.85,15.77,0.0,0.19994715005159377,"[5.3046877e-04 1.2135400e-01 3.1965676e-01 8.5475231e-06 7.2147486e-05
 5.1643137e-06 3.6656070e-07 9.2934007e-03 1.3169656e-06 6.1652884e-02
 4.8742497e-01]"
73400,-0.033160950192250314,3.674289377289378,3.7659652014652014,3.7230714285714286,0.9939963369963372,78.61359340659341,13.11,1029.99,1.21,0.0,0.21395884945988655,"[1.0693835e-03 9.4711661e-02 3.5287350e-01 9.3762692e-06 7.6619071e-05
 8.8704513e-07 3.8098136e-07 1.1295765e-02 5.7106467e-07 6.0134429e-02
 4.7982740e-01]"
73500,-0.030624651410034856,3.772032967032967,3.82010989010989,3.7924175824175825,1.0265934065934066,79.56186813186814,13.09,1041.16,0.53,0.0,0.21348299145698546,"[2.22686213e-03 1.20949507e-01 3.03221494e-01 2.00435788e-05
 5.29295939e-05 2.94749884e-06 1.57311695e-06 1.40777035e-02
 1.55662883e-06 6.78169057e-02 4.91628498e-01]"
73600,-0.03603719128062949,3.76,3.7897362637362635,3.7615384615384615,1.0072857142857143,80.95214285714286,13.03,1054.58,0.04,0.0,0.201147423684597,"[2.5824856e-03 1.0323510e-01 3.3058324e-01 1.0107694e-05 4.2784090e-05
 9.7230134e-07 6.3761257e-07 1.3162864e-02 5.3158510e-07 5.5932589e-02
 4.9444866e-01]"
73700,-0.03663441813085228,3.430496794871795,3.7682783882783877,3.759487179487179,1.0208241758241758,82.48376831501831,12.93,1063.86,6.0,0.0,0.1952978515625,"[2.8223214e-03 1.3213792e-01 2.8661445e-01 3.3921457e-05 2.8085131e-05
 2.0665136e-06 1.5271936e-06 1.7097933e-02 1.4184745e-06 5.1080756e-02
 5.1017958e-01]"
73800,-0.042543690260499714,3.8291758241758242,3.84010989010989,3.831868131868132,1.0207142857142857,81.56483516483517,13.01,1061.11,0.07,0.0,0.19818655997514725,"[1.1343797e-02 2.1376163e-01 2.0124313e-01 6.2423511e-05 2.6770185e-05
 1.8872980e-06 1.6569337e-06 1.7906100e-02 1.0101342e-06 5.7410814e-02
 4.9824074e-01]"
73900,-0.04706495796563104,3.768392857142858,3.8684890109890113,3.8442582417582423,1.0001739926739928,81.74119047619047,13.0,1062.49,1.94,0.0,0.20865747645497323,"[6.81444630e-03 1.20195895e-01 2.96302229e-01 5.85845992e-05
 4.94933120e-05 1.06503558e-06 7.41784049e-07 1.02075832e-02
 5.31611647e-07 6.54822066e-02 5.00887215e-01]"
74000,-0.03951616933569312,3.6073484848484845,3.715410422910423,3.6945862470862467,0.9986813186813187,81.82218198468199,12.98,1061.54,2.02,0.0,0.19346614733338355,"[4.8547960e-03 1.8189776e-01 2.3918490e-01 2.5378364e-05 6.5387241e-05
 9.8807413e-07 5.5633188e-07 1.7148796e-02 6.4447545e-07 4.8622988e-02
 5.0819772e-01]"
74100,-0.039578892952995375,2.5887576312576313,3.7739499389499387,3.7601037851037846,1.033076923076923,84.27378815628816,12.85,1071.2,18.34,0.0,0.19539621345698832,"[6.4031770e-03 1.5532416e-01 2.7148750e-01 1.3300504e-05 2.3100165e-05
 6.6823748e-07 9.6305973e-07 1.6265230e-02 8.5687623e-07 4.8950382e-02
 5.0153065e-01]"
74200,-0.03764728081077919,3.7671428571428565,3.7898901098901097,3.7682967032967025,1.0155494505494504,81.32901098901098,13.02,1058.78,0.03,0.0,0.19485701382160187,"[5.0873104e-03 1.1860558e-01 3.1235677e-01 1.6867134e-05 8.0594269e-05
 9.6671408e-07 9.7336772e-07 1.6636472e-02 5.2497234e-07 4.7849562e-02
 4.9936441e-01]"
74300,-0.04129377127625048,3.7492857142857146,3.767527472527472,3.7496703296703298,1.008021978021978,80.59967032967033,13.07,1053.14,0.01,0.0,0.20297158807516097,"[5.8913669e-03 1.3964218e-01 2.8960639e-01 2.4762348e-05 5.2418887e-05
 1.5630401e-06 7.9249833e-07 1.9544836e-02 8.0427685e-07 5.4690480e-02
 4.9054441e-01]"
74400,-0.046916810725233515,3.816791208791208,3.8343919413919405,3.8175604395604386,1.0066263736263736,80.80850915750915,13.05,1054.19,0.02,0.0,0.21757814407348633,"[2.6120322e-02 1.3060862e-01 2.7706295e-01 1.0287646e-05 5.0822695e-05
 8.8191030e-07 3.9283071e-07 1.3416840e-02 2.5643283e-07 6.6336475e-02
 4.8639214e-01]"
74500,-0.0637420323304832,3.630637362637363,3.735575091575092,3.630637362637363,0.9788827838827839,79.66183516483517,13.23,1052.77,0.0,0.0,0.27898445636034014,"[1.2373594e-01 1.2711440e-01 1.7472616e-01 1.6839651e-05 5.6108758e-05
 2.2370480e-06 1.4732913e-06 9.5615583e-03 8.3541528e-07 6.6588543e-02
 4.9819586e-01]"
74600,-0.06545404298580251,3.2338108974358963,3.601613247863247,3.494494658119657,1.0087289377289381,80.88755723443224,13.06,1053.19,5.39,0.0,0.30609296411275866,"[1.1073978e-01 1.4279740e-01 1.7440854e-01 9.9546796e-06 2.0114088e-05
 6.9212427e-07 2.1978401e-07 1.4373000e-02 3.0500360e-07 4.8412945e-02
 5.0923705e-01]"
74700,-0.05812015298404731,2.3825728438228437,3.665588578088578,3.665588578088578,1.11752331002331,84.73706099456098,12.8,1066.73,15.03,0.0,0.28705299586057664,"[1.5216613e-01 2.7240438e-02 2.5600249e-01 5.6247900e-06 1.7350068e-05
 4.3686174e-07 5.5788172e-07 1.0306510e-02 2.6781871e-07 6.2616132e-02
 4.9164411e-01]"
74800,-0.05897618500515819,3.686758241758241,3.7230769230769227,3.686758241758241,0.9988461538461538,80.82225274725275,13.06,1055.26,0.0,0.0,0.26113982886075976,"[1.3341069e-01 3.4082051e-02 2.7189219e-01 7.3994602e-06 3.4186603e-05
 6.9716447e-07 9.3792801e-07 1.7929647e-02 6.5519151e-07 5.5020068e-02
 4.8762152e-01]"
74900,-0.062145989555865526,3.740439560439561,3.7799450549450553,3.767362637362638,1.0231868131868131,80.54895604395605,13.03,1049.42,0.7,0.0,0.2820276740193367,"[1.0489097e-01 5.5588897e-02 2.7238727e-01 8.8678908e-06 1.5576061e-05
 9.1269209e-07 1.9267215e-07 1.5697282e-02 4.8429575e-07 6.0726359e-02
 4.9068317e-01]"
75000,-0.07005573974456639,3.6115238095238094,3.69889010989011,3.6264175824175826,0.9842271062271063,78.96938461538461,13.24,1044.42,0.39,0.0,0.30522108644247053,"[1.17941774e-01 4.59508039e-02 2.95881331e-01 1.12393755e-05
 4.34108952e-05 7.40492453e-07 8.08434137e-08 1.13908667e-02
 1.87988974e-07 6.15341403e-02 4.67245430e-01]"
75100,-0.07016482193022966,3.7713461538461552,3.7865384615384623,3.774395604395605,1.0295054945054944,79.57626373626374,13.06,1038.98,0.08,0.0,0.29743846714496613,"[9.8470189e-02 3.0978629e-02 3.1611988e-01 7.6882279e-06 1.7933709e-05
 6.4211770e-07 2.2788538e-06 1.5190316e-02 4.6590193e-07 5.5574205e-02
 4.8363775e-01]"
75200,-0.06462759710848331,3.662388278388278,3.749205128205128,3.662772893772894,0.983879120879121,79.49812820512821,13.23,1050.85,0.01,0.0,0.28276991099119186,"[1.08368784e-01 3.48404311e-02 2.93924958e-01 7.51686957e-06
 2.06509994e-05 6.47326544e-07 8.09495049e-08 1.41159706e-02
 2.23612446e-07 5.52023873e-02 4.93518353e-01]"
75300,-0.06576952326111496,3.546758241758241,3.592857142857142,3.5471428571428567,1.0168681318681319,80.46829670329669,13.11,1054.39,0.01,0.0,0.2710351349413395,"[7.2181895e-02 3.5926551e-02 3.3691615e-01 7.9383453e-06 4.1157982e-05
 5.1638648e-07 9.0486402e-08 1.1481617e-02 1.4557979e-07 5.0670978e-02
 4.9277300e-01]"
75400,-0.06410694614052773,3.4131208791208794,3.4658571428571427,3.4135054945054946,1.0072380952380953,80.12982783882784,13.19,1056.06,0.01,0.0,0.28406499698758125,"[1.5098433e-01 5.5745404e-02 2.4370436e-01 6.0461662e-06 3.6788471e-05
 7.4380813e-07 5.5962012e-08 1.0591122e-02 1.7276665e-07 5.2124746e-02
 4.8680618e-01]"
75500,-0.07153951320797206,3.1416898656898655,3.4189671855921855,3.354485042735042,1.014139652014652,78.11686126373625,13.29,1034.41,4.03,0.0,0.32894427061080933,"[8.2969822e-02 1.4739531e-01 2.0757714e-01 5.2173359e-06 2.1400960e-05
 1.0775307e-06 1.2098826e-07 1.1161497e-02 3.5453814e-07 6.8292134e-02
 4.8257595e-01]"
75600,-0.07462364183738827,3.4684230769230764,3.5355238095238093,3.46878021978022,1.0105274725274727,79.056326007326,13.27,1047.95,0.01,0.0,0.3155262690782547,"[5.88902198e-02 1.35590732e-01 2.39848286e-01 5.32652712e-06
 9.86899395e-05 8.50599406e-07 3.07279549e-07 1.49790365e-02
 3.15191357e-07 4.91561592e-02 5.01430094e-01]"
75700,-0.06956530466675759,3.4575274725274725,3.4919780219780217,3.458296703296703,1.0288461538461537,81.15203296703297,13.07,1060.33,0.02,0.0,0.2951476076245308,"[1.4434838e-01 7.1486644e-02 2.1035662e-01 1.2303025e-05 1.1185547e-04
 9.5160499e-07 1.2685646e-07 1.5770061e-02 4.6966557e-07 5.4352120e-02
 5.0356042e-01]"
75800,-0.06811851419508458,3.390100732600733,3.4732051282051284,3.410457875457875,1.0021978021978022,80.67158424908425,13.12,1057.77,0.53,0.0,0.2956741854548454,"[1.81371540e-01 6.39683008e-02 1.85525849e-01 1.20732975e-05
 1.61734887e-03 7.22010384e-07 7.66496328e-07 1.45427417e-02
 3.25709692e-07 5.23683280e-02 5.00592053e-01]"
75900,-0.07119191961362958,3.6240109890109897,3.6258241758241763,3.6243956043956054,1.1606593406593406,81.465,13.01,1059.81,0.01,0.0,0.2972965556383133,"[7.6132968e-02 8.2178630e-02 2.6775765e-01 8.4963631e-06 3.1109562e-04
 4.5700378e-07 8.6603684e-08 1.1332190e-02 1.5025046e-07 5.5956557e-02
 5.0632173e-01]"
76000,-0.07221560914069414,3.5690023310023316,3.6587738927738926,3.618722610722611,1.0383076923076922,81.48425174825175,13.02,1060.3,1.12,0.0,0.30045356780290605,"[1.5641466e-01 8.2226723e-02 1.9180945e-01 1.3683529e-05 5.4179825e-04
 2.9546587e-07 9.8825545e-08 1.2170501e-02 2.2035714e-07 5.8988124e-02
 4.9783441e-01]"
76100,-0.06975930362939835,3.599457875457876,3.6586520146520156,3.5998424908424913,0.998934065934066,80.59807692307693,13.16,1059.73,0.01,0.0,0.2986105698347092,"[1.36963889e-01 6.83435574e-02 2.21995652e-01 1.57573977e-05
 1.71279267e-03 3.89310543e-07 1.10929385e-07 2.09322833e-02
 3.16966180e-07 4.33516875e-02 5.06683588e-01]"
76200,-0.06332855531945825,3.368473443223443,3.563960622710622,3.372704212454213,0.9464024725274726,78.7505563186813,13.36,1049.43,0.11,0.0,0.3005391111969948,"[1.3126934e-01 8.3796673e-02 2.1611057e-01 5.3789408e-06 2.0651669e-04
 2.1010860e-07 3.9204227e-08 9.8907137e-03 1.4208788e-07 5.3519327e-02
 5.0520116e-01]"
76300,-0.07244493309408426,3.505992673992674,3.555137362637363,3.517851648351648,1.0220732600732603,81.13716117216119,13.08,1060.64,0.29,0.0,0.29848942160606384,"[1.23655446e-01 6.72088712e-02 2.47707650e-01 7.04289278e-06
 7.94359192e-04 3.16959785e-07 4.24850413e-07 1.86306778e-02
 2.94909682e-07 4.76535708e-02 4.94341403e-01]"
76400,-0.07653572727984283,3.5866483516483516,3.5957142857142856,3.5885714285714285,1.06010989010989,81.03637362637363,13.02,1054.99,0.05,0.0,0.2981438282132149,"[6.44544736e-02 1.08787775e-01 2.65385687e-01 5.73962143e-06
 1.69809372e-03 5.05559910e-07 2.55824830e-07 1.37988236e-02
 4.76723102e-07 6.15899488e-02 4.84278232e-01]"
76500,-0.05333681661635637,-1.0104022154316272,3.5523383479265833,3.4900984505690387,1.0062609547315429,87.75034443987384,12.87,1074.01,58.46,0.0,0.27732325680553915,"[5.0002459e-02 8.2381479e-02 2.9352361e-01 6.7563483e-06 2.2824237e-03
 3.3690236e-07 6.1143041e-08 1.2848997e-02 2.3774781e-07 6.3002259e-02
 4.9595135e-01]"
76600,-0.055355017464607956,3.376678155178155,3.6524622044622044,3.638890775890776,1.00489010989011,80.66240109890111,13.0,1047.31,5.8,0.0,0.27147559240460395,"[5.1381595e-02 9.3383491e-02 2.9219031e-01 6.1398309e-06 1.1226761e-03
 3.8182810e-07 1.4466580e-06 1.2574837e-02 5.6143188e-07 6.0133122e-02
 4.8920542e-01]"
76700,-0.0451324781216681,1.705479853479853,3.776446275946276,3.7483693528693527,1.0307814407814408,83.18845940170941,12.91,1055.47,34.46,0.0,0.2553996329009533,"[2.5541268e-02 1.2458791e-01 2.9894984e-01 4.2625325e-06 4.7320995e-04
 3.4315931e-07 2.4836098e-07 1.1921267e-02 3.6962695e-07 5.3455301e-02
 4.8506603e-01]"
76800,-0.048524443507194516,3.7846703296703286,3.797637362637362,3.7912087912087906,1.0247802197802198,80.28686813186813,13.03,1046.01,0.17,0.0,0.22426293313503265,"[2.28200126e-02 9.61748287e-02 3.08733314e-01 4.58187742e-06
 5.55800973e-04 2.85154414e-07 1.10118727e-07 1.26328785e-02
 2.48855031e-07 6.86761886e-02 4.90401775e-01]"
76900,-0.04301878843223676,2.4789890109890114,3.8135366300366305,3.779835164835165,1.0166959706959708,82.48704945054943,12.98,1051.46,14.99,0.0,0.23192332364618778,"[1.6221683e-02 1.6528520e-01 2.8036165e-01 8.0715945e-06 2.6019249e-04
 4.3864418e-07 2.2956046e-07 1.3756677e-02 4.0635595e-07 5.0115939e-02
 4.7398952e-01]"
77000,-0.0394815106713213,3.5913686313686317,3.771843156843157,3.7250299700299703,1.0083516483516484,79.99336663336662,13.13,1049.35,3.12,0.0,0.22434999510645867,"[9.6350359e-03 2.3316278e-01 1.9900809e-01 5.5337287e-06 3.0322641e-04
 2.9134753e-07 1.3787795e-07 1.8320786e-02 3.2408542e-07 4.8417263e-02
 4.9114656e-01]"
77100,-0.022951665078871884,-3.3330343822843815,3.731424075924076,3.608531968031969,0.9925061605061605,90.86463952713952,13.07,1053.13,38.23,0.0,0.20458690643310548,"[1.36635425e-02 2.94236004e-01 1.38181537e-01 5.99898567e-06
 7.38053583e-04 5.09366316e-07 2.04296452e-06 1.42644085e-02
 7.61106548e-07 5.88041842e-02 4.80102956e-01]"
77200,-0.03263878279649361,1.632062687312687,3.7535539460539464,3.724169330669331,1.0038889443889445,82.57574075924076,12.95,1045.12,29.22,0.0,0.20944291964173317,"[1.2275363e-02 3.1555024e-01 1.1202130e-01 3.9686524e-06 8.8502053e-04
 2.6120838e-07 2.2893173e-07 2.1438394e-02 1.4961181e-07 5.0215453e-02
 4.8760960e-01]"
77300,-0.02991346342372708,1.353269230769231,3.8685714285714283,3.86,1.0424175824175825,84.1734065934066,12.92,1036.06,10.12,0.0,0.20186592474579812,"[7.8158127e-03 2.8365284e-01 1.5243332e-01 1.1678815e-06 2.2418275e-04
 1.7660487e-07 1.7651580e-07 1.3631649e-02 1.3110790e-07 6.5367199e-02
 4.7687337e-01]"
77400,-0.030127583530265838,3.5419647019647016,3.820447885447885,3.7963819513819517,0.9942307692307694,79.12595737595738,13.02,1029.39,6.06,0.0,0.2013483427464962,"[6.6930056e-03 3.3439136e-01 1.0050441e-01 3.6875767e-06 1.1730286e-04
 3.3908802e-07 3.0344540e-07 1.7087391e-02 4.0212470e-07 6.4497337e-02
 4.7670451e-01]"
77500,-0.024457423310013836,-6.35546312021312,3.786082417582418,3.7431300366300366,1.016975690975691,97.16992174492178,12.74,1051.33,62.37,0.0,0.19366795770823955,"[1.0108010e-02 2.8654945e-01 1.4190811e-01 1.4044825e-06 2.2836850e-04
 2.5920369e-07 9.4863864e-08 1.8798836e-02 2.1398814e-07 5.6781743e-02
 4.8562354e-01]"
77600,-0.02383267877390608,3.654769230769231,3.8112124542124546,3.7591648351648352,0.9905128205128206,78.42971794871795,13.21,1035.17,2.85,0.0,0.17692413091659545,"[8.3612055e-03 2.7088895e-01 1.5211859e-01 2.1378876e-06 1.5695681e-04
 3.1021767e-07 4.3873271e-07 1.5603127e-02 2.7278210e-07 6.0937289e-02
 4.9193072e-01]"
77700,-0.019052630575606598,3.7007921245421245,3.767216117216117,3.748644688644689,0.9973717948717948,78.96058608058607,13.07,1031.61,1.19,0.0,0.16849944949150086,"[8.19414482e-03 3.45795780e-01 9.57673416e-02 7.28571706e-07
 8.67338094e-05 1.57724941e-07 2.46735169e-07 1.64103918e-02
 1.06248834e-07 5.34596778e-02 4.80284750e-01]"
77800,-0.013258719942823518,3.408461538461539,3.8051098901098896,3.794230769230769,1.0070879120879122,79.12835164835164,13.04,1031.62,10.03,0.0,0.15055041551589965,"[1.4842496e-02 3.6061323e-01 6.8877995e-02 1.1756706e-06 1.4804039e-04
 2.1988079e-07 3.7134333e-07 1.8290468e-02 1.5592808e-07 5.3411096e-02
 4.8381475e-01]"
77900,-0.012699399758130312,-5.057126373626374,3.7853498168498168,3.731445054945055,0.9990695970695971,94.85649267399268,12.88,1044.55,42.27,0.0,0.13537175856530667,"[3.5179090e-03 3.9414844e-01 4.2348634e-02 3.4167712e-07 5.6674005e-05
 4.4240185e-08 2.6449127e-08 1.5530434e-02 2.8166005e-08 5.6589562e-02
 4.8780793e-01]"
78000,-0.0055062518856721,3.7649340659340664,3.8167582417582424,3.7649340659340664,0.9882747252747254,79.4311978021978,13.18,1045.97,0.0,0.0,0.1209515704214573,"[8.5521666e-03 3.4222728e-01 7.5692087e-02 1.2153799e-06 7.6351681e-04
 3.2255497e-07 3.6070051e-07 2.1411521e-02 2.3463222e-07 6.0593970e-02
 4.9075738e-01]"
78100,-0.004868464652681723,1.1435789210789205,3.8527322677322684,3.8055894105894112,1.0025274725274727,83.73813686313684,13.02,1037.71,13.53,0.0,0.1371882426738739,"[7.0660650e-03 3.7274265e-01 6.5763265e-02 1.2723195e-06 1.5485100e-04
 2.1850853e-07 9.0061536e-07 1.7553842e-02 1.8151331e-07 5.4649848e-02
 4.8206690e-01]"
78200,-0.004362416819676582,3.7666739926739923,3.794959706959707,3.7666739926739923,1.0044908424908425,79.51080219780219,13.12,1042.59,0.0,0.0,0.12763659469783306,"[9.96157806e-03 3.69439840e-01 4.99244556e-02 5.98713314e-07
 2.05560224e-04 1.08704505e-07 8.09448863e-08 1.60217453e-02
 5.22437347e-08 5.96961230e-02 4.94749844e-01]"
78300,-0.003905433150357567,3.8362087912087914,3.8748901098901096,3.8362087912087914,0.9947802197802197,80.20483516483517,13.02,1044.16,0.0,0.0,0.12259105198085309,"[8.08299612e-03 3.82074237e-01 4.45329472e-02 6.33577474e-06
 5.27869153e-04 1.68825159e-06 1.07722281e-06 1.14962645e-02
 1.87775868e-06 6.21504448e-02 4.91124332e-01]"
78400,-0.0025496463873605534,3.8929670329670336,3.908681318681319,3.8929670329670336,0.9987362637362638,79.89412087912086,13.05,1042.41,0.0,0.0,0.10678997829556465,"[6.5719420e-03 3.9767227e-01 3.2881245e-02 9.3434676e-07 2.0871071e-04
 1.1704576e-07 3.5190780e-07 1.2466534e-02 4.7192437e-08 6.1838701e-02
 4.8835912e-01]"
78500,0.005143201316241175,3.8174725274725274,3.8389560439560437,3.8174725274725274,0.9948351648351648,80.44956043956044,13.04,1048.9,0.0,0.0,0.09756998084485531,"[5.3992281e-03 3.9744377e-01 3.6125775e-02 8.1470853e-07 9.3755766e-04
 1.8596570e-07 1.1348489e-07 1.2161209e-02 5.6267915e-08 5.6287058e-02
 4.9164420e-01]"
78600,0.004665550080972025,2.0862637362637364,3.776959706959707,3.7584432234432232,1.003809523809524,83.66813186813187,12.94,1051.93,10.11,0.0,0.09005467891693116,"[3.47752590e-03 4.11231011e-01 1.71918012e-02 5.00788587e-07
 3.02111614e-04 1.13953625e-07 5.12472944e-08 1.22884819e-02
 3.90931518e-08 5.51391691e-02 5.00369191e-01]"
78700,0.010974229277635458,3.873076923076924,3.873076923076924,3.873076923076924,1.0046153846153845,80.96230769230769,13.0,1052.51,0.0,0.0,0.06972294725477696,"[3.3350880e-03 4.2340571e-01 8.2888780e-03 3.4048313e-07 1.5803691e-04
 1.3841063e-07 8.6685617e-08 1.2145971e-02 5.6584835e-08 5.8191560e-02
 4.9447423e-01]"
78800,0.007051780210676952,3.784010989010988,3.8295054945054945,3.784010989010988,0.9869780219780221,80.39807692307693,13.1,1052.7,0.0,0.0,0.06425241734832525,"[3.9605745e-03 4.2403004e-01 5.3345882e-03 1.1539344e-06 2.4111407e-04
 3.3516744e-07 3.0549000e-07 1.3420664e-02 5.3830695e-07 5.7456050e-02
 4.9555463e-01]"
78900,0.006854587711277418,2.212974247974248,3.7977158952158954,3.7701517926517925,1.0082259407259406,84.24482184482186,12.88,1057.5,12.98,0.0,0.05553174987435341,"[2.7312774e-03 4.2180982e-01 4.1706725e-03 7.2635856e-07 1.8607471e-04
 4.6650223e-07 2.4198138e-07 1.2662273e-02 4.8600771e-07 5.7326745e-02
 5.0111121e-01]"
79000,0.003358767404242826,3.675714285714286,3.734725274725274,3.676098901098902,0.987747252747253,80.17802197802197,13.12,1051.39,0.01,0.0,0.06171450342983007,"[1.66462862e-03 4.26626474e-01 5.15586231e-03 3.42036117e-07
 1.48518462e-04 1.31200565e-07 1.75350962e-07 1.59216579e-02
 1.03978635e-07 5.06536178e-02 4.99828488e-01]"
79100,0.0047186548468062025,3.7595054945054933,3.7702197802197794,3.7595054945054933,1.0171428571428571,80.29,13.04,1046.81,0.0,0.0,0.059798378050327304,"[2.82925251e-03 4.32073206e-01 4.34998935e-03 6.70787415e-07
 1.61007483e-04 2.20604306e-07 5.96881875e-07 1.44653898e-02
 1.17738814e-07 5.58424518e-02 4.90277112e-01]"
79200,0.0016875732073094697,3.7985164835164835,3.8099450549450546,3.7985164835164835,0.9987362637362638,80.59648351648352,13.05,1051.54,0.0,0.0,0.048862156495451926,"[1.2536200e-03 4.2357838e-01 1.8146700e-03 4.8954530e-07 1.1823998e-04
 3.1345306e-07 8.2116031e-07 1.3638929e-02 2.5076915e-07 6.3967340e-02
 4.9562693e-01]"
79300,0.002872087905670924,3.4654195804195798,3.7653546453546443,3.761783216783216,1.003956043956044,81.81757742257741,13.0,1062.34,6.52,0.0,0.04502615910023451,"[1.5978398e-03 4.2171070e-01 1.5656142e-03 1.6579239e-06 4.8944545e-05
 2.1716782e-07 5.5994047e-07 1.2259681e-02 4.7181518e-07 6.0367506e-02
 5.0244683e-01]"
79400,-0.0007163162538927282,3.4977647352647354,3.8514826839826837,3.846482683982684,1.000934065934066,80.83060522810523,13.0,1049.79,8.14,0.0,0.050722099654376504,"[3.0393549e-03 4.3069991e-01 1.5621773e-03 2.7721458e-07 8.9572924e-05
 1.5916503e-07 6.2782135e-08 1.5477682e-02 6.2528237e-08 6.0930140e-02
 4.8820060e-01]"
79500,-0.0035897644609212877,-1.5950000000000002,3.772527472527473,3.7625274725274727,0.9993956043956044,89.85406593406591,12.85,1035.17,15.13,0.0,0.05823923170566559,"[1.5795564e-03 4.4270977e-01 1.5819252e-03 3.6231285e-07 1.3324776e-04
 1.2487847e-07 6.7865166e-08 2.0101368e-02 4.9166321e-08 5.3879596e-02
 4.8001394e-01]"
79600,-0.006242862155195325,2.0196540959040963,3.756233766233766,3.741948051948052,1.0060989010989012,81.85744755244755,12.95,1037.27,20.44,0.0,0.06227808356285095,"[1.6531989e-03 4.4629279e-01 5.3712819e-04 4.8699400e-07 9.5387030e-04
 3.2665707e-07 1.2720653e-07 1.8923612e-02 2.1840924e-07 5.6099914e-02
 4.7553834e-01]"
79700,-0.003958952701359522,2.4930647130647126,3.794413919413919,3.7908424908424907,1.033992673992674,81.74480463980466,12.86,1039.54,21.06,0.0,0.05680318931117654,"[1.4385933e-03 4.3661383e-01 2.5427720e-04 1.2363292e-06 1.5512267e-03
 3.9762509e-07 1.2910769e-07 1.3878796e-02 1.3255911e-07 5.6830458e-02
 4.8943096e-01]"
79800,0.0005310659631504677,-5.638369810744809,3.7972078754578744,3.7716034798534794,1.017366910866911,97.60655341880343,12.37,1079.88,98.74,0.0,0.04506608498748392,"[6.11664262e-04 4.37901318e-01 3.20217048e-04 2.04632428e-07
 3.71458154e-04 1.02733786e-07 4.01926457e-08 1.52785201e-02
 3.54822234e-08 6.35980740e-02 4.81918365e-01]"
79900,-0.0010669070623043808,0.7373922743922741,3.7390783660783664,3.7124116994116996,1.0021269841269842,84.84937956487958,12.9,1058.23,38.16,0.0,0.053404952669516205,"[1.0765892e-03 4.3373361e-01 5.9990614e-04 3.6203434e-07 3.4376112e-04
 2.2993477e-07 1.5523445e-07 1.5557253e-02 1.7045774e-07 5.7626985e-02
 4.9106097e-01]"
80000,-0.0007223130829515867,3.2242757242757243,3.7238361638361637,3.695429570429571,0.999070929070929,80.79516983016984,13.05,1052.38,10.43,0.0,0.04961809298023581,"[8.1915944e-04 4.4138539e-01 6.3303800e-04 5.5357515e-07 3.1953774e-04
 2.4727893e-07 2.2421804e-07 1.4435763e-02 1.1935830e-07 5.6231678e-02
 4.8617432e-01]"
80100,-4.8573771782685074e-05,3.720549450549451,3.763457875457876,3.7243956043956046,0.9891611721611722,79.60205128205126,13.11,1043.07,0.1,0.0,0.049688038155436515,"[1.0832949e-03 4.3398440e-01 9.2069810e-04 3.6789189e-07 1.5468767e-04
 1.6658399e-07 1.5698292e-07 1.4234836e-02 7.0445310e-08 5.5041671e-02
 4.9457961e-01]"
80200,-0.0011978474447187182,3.738846153846154,3.7533516483516483,3.738846153846154,0.9964285714285714,81.00016483516482,13.05,1056.84,0.0,0.0,0.04345577912405133,"[1.11317309e-03 4.24037397e-01 4.46059363e-04 3.39813170e-07
 1.17886913e-04 1.46118154e-07 7.42429904e-08 1.18376445e-02
 4.67407375e-08 6.37256503e-02 4.98721570e-01]"
80300,0.00017706014063151087,3.6754395604395613,3.698186813186814,3.6781318681318687,0.9941208791208791,81.19153846153847,13.05,1059.31,0.07,0.0,0.042329261153936384,"[1.58028828e-03 4.27460998e-01 5.66907402e-04 3.09796093e-07
 1.19044322e-04 1.41991833e-07 4.32644072e-08 1.23047745e-02
 8.78993518e-08 5.69050200e-02 5.01062512e-01]"
80400,0.001042234166889102,3.24601343101343,3.804981684981684,3.8021245421245413,1.0242429792429792,82.55200854700855,12.97,1066.31,10.01,0.0,0.04149823036044836,"[3.45800858e-04 4.30397481e-01 3.95056559e-04 8.49632116e-08
 5.49139731e-05 3.42910376e-08 1.86205380e-08 1.21707236e-02
 1.05487885e-08 5.82398809e-02 4.98396039e-01]"
80500,0.0013926355605508433,3.8228021978021984,3.828516483516484,3.8228021978021984,1.0446703296703297,80.90351648351648,13.02,1053.28,0.0,0.0,0.04244757328182459,"[3.0733043e-04 4.3291697e-01 6.3818798e-04 2.0846008e-07 5.7784921e-05
 6.5841860e-08 5.2224603e-08 1.3531367e-02 3.0715867e-08 6.0330134e-02
 4.9221787e-01]"
80600,0.0028998822905123233,3.2494355644355646,3.848776223776224,3.8452047952047956,1.0154395604395605,81.90907092907092,12.99,1063.12,14.65,0.0,0.04203508166596293,"[3.4474727e-04 4.3119812e-01 6.6960783e-04 1.5099103e-07 7.3091665e-05
 7.1045683e-08 6.4427546e-08 8.4741134e-03 4.3542066e-08 6.3090108e-02
 4.9614993e-01]"
80700,0.002236947025103291,3.873076923076922,3.9471978021978007,3.874230769230768,0.9962637362637363,80.04758241758242,13.08,1046.58,0.03,0.0,0.04280613694339991,"[1.0018287e-03 4.2572045e-01 1.1344578e-03 3.3530921e-07 1.3988832e-04
 1.5662759e-07 9.3241475e-08 1.1459047e-02 5.4473457e-08 6.5566644e-02
 4.9497706e-01]"
80800,0.0025454830793023575,3.72923076923077,3.7414835164835165,3.7296153846153843,0.997032967032967,80.95681318681319,13.02,1053.97,0.01,0.0,0.04152365695685148,"[6.5467396e-04 4.3582416e-01 1.1819898e-03 2.4407530e-07 1.7277486e-04
 8.9149374e-08 5.2470085e-08 1.0974345e-02 3.0531758e-08 6.4562753e-02
 4.8662892e-01]"
80900,0.003889621822781919,3.374070512820512,3.7977289377289374,3.7917948717948713,0.9999450549450549,80.65744505494504,12.99,1048.25,11.46,0.0,0.047274352125823496,"[4.3063986e-04 4.3573400e-01 1.4842530e-03 1.6634806e-07 1.1099715e-04
 7.2295833e-08 3.8897518e-08 1.1755447e-02 2.9844337e-08 5.9544154e-02
 4.9094015e-01]"
81000,0.0028979791121309974,-2.9008315018315023,3.8346373626373627,3.785194139194139,1.0033223443223442,91.71346886446887,12.88,1036.83,20.35,0.0,0.04853068686556071,"[6.8930537e-04 4.4598061e-01 8.9832273e-04 4.0265323e-07 1.3038777e-04
 1.8870635e-07 4.1367835e-07 1.6006570e-02 1.2527744e-07 5.5906285e-02
 4.8038742e-01]"
81100,0.00037261610986206507,3.8738461538461535,3.8817032967032965,3.8738461538461535,0.9978571428571429,79.5310989010989,13.03,1036.19,0.0,0.0,0.046467833779752256,"[4.9994461e-04 4.4658482e-01 1.1962613e-03 1.9260173e-07 2.9303701e-04
 1.0953091e-07 6.5943553e-08 1.2701174e-02 2.3012227e-08 6.7397617e-02
 4.7132683e-01]"
81200,-0.001613285394050763,-9.876446955821955,3.8069018759018753,3.77634743034743,1.0161550116550118,104.87651373626373,12.57,1073.26,90.74,0.0,0.049938417365774514,"[5.0948298e-04 4.4282034e-01 2.7548199e-04 1.3661985e-07 2.4898778e-04
 8.4912919e-08 5.4232963e-08 1.5547010e-02 2.1252051e-08 5.5908944e-02
 4.8468944e-01]"
81300,-0.00299443077747128,3.355532967032967,3.8613076923076926,3.8598791208791208,1.0012857142857143,80.13793406593408,12.98,1037.33,10.11,0.0,0.04652227688580751,"[6.2824733e-04 4.4251969e-01 1.9541186e-04 2.3098414e-07 6.6509075e-04
 1.2803919e-07 2.9439541e-08 1.9178972e-02 2.5911397e-08 5.2926783e-02
 4.8388544e-01]"
81400,-0.0026816290740748626,3.8015247252747253,3.834679487179487,3.8311080586080584,1.0101098901098902,79.35358058608058,13.01,1032.27,0.71,0.0,0.04653501149266958,"[1.2514376e-04 4.4136205e-01 1.4895765e-04 1.2038253e-06 4.7232222e-04
 4.6350291e-07 3.0625503e-07 9.6872766e-03 1.9358166e-07 6.5333575e-02
 4.8286852e-01]"
81500,-0.005018843998259399,3.4376923076923065,3.832527472527472,3.8253846153846145,1.0063736263736265,79.00137362637363,13.04,1029.99,10.08,0.0,0.05380697179585695,"[2.7797726e-04 4.3829992e-01 2.0209490e-04 3.0764471e-07 5.3209282e-04
 1.6454595e-07 1.2314894e-07 1.5592971e-02 6.0528428e-08 5.6724709e-02
 4.8836952e-01]"
81600,-0.0026391755238728363,-1.1848534798534802,3.749025641025641,3.7374542124542125,1.0072857142857143,88.7851098901099,12.81,1033.73,19.85,0.0,0.045007147789001466,"[2.18739006e-04 4.38904643e-01 1.69822117e-04 1.14898775e-07
 5.00492693e-04 1.76939690e-08 3.94124449e-08 5.39334118e-03
 1.63047407e-08 5.97504526e-02 4.95062321e-01]"
81700,-0.0009767629535053857,3.797692307692308,3.805549450549451,3.797692307692308,1.0231868131868134,80.02021978021976,13.03,1042.53,0.0,0.0,0.041331813223659995,"[2.6942545e-04 4.3517065e-01 1.4395913e-04 1.4437646e-07 2.7717761e-04
 7.8377788e-08 6.3526784e-08 2.4150919e-02 5.0880914e-08 5.2731667e-02
 4.8725581e-01]"
81800,0.00406457874836633,3.789230769230769,3.789230769230769,3.789230769230769,1.083846153846154,80.82846153846155,13.0,1050.77,0.0,0.0,0.04138386156409979,"[2.8038496e-04 4.3235907e-01 2.0746283e-04 1.4120923e-07 1.5227882e-04
 2.1087207e-08 1.6727597e-08 1.7972318e-02 1.6701154e-08 5.2592639e-02
 4.9643567e-01]"
81900,0.004325993073289283,3.6944284881784886,3.8522577422577426,3.8391808191808194,1.0018131868131868,81.66431651681651,12.97,1058.5,3.35,0.0,0.03641774056479335,"[2.9836438e-04 4.2869231e-01 1.6449534e-04 1.5220641e-07 1.1219470e-04
 4.5750827e-08 5.0861740e-08 1.3977469e-02 3.4818751e-08 5.5462047e-02
 5.0129277e-01]"
82000,0.0030351349781267347,3.15893543956044,3.806153846153846,3.7860989010989017,1.0002197802197803,82.35337912087911,12.99,1063.31,10.05,0.0,0.035337591245770454,"[1.2180681e-04 4.3383896e-01 2.4196594e-04 1.4407782e-06 7.8150952e-05
 1.6769909e-06 6.8227473e-06 1.0084872e-02 8.7658356e-07 6.0479693e-02
 4.9514377e-01]"
82100,0.004831893205991946,3.8763736263736264,3.881538461538462,3.8763736263736264,1.0177472527472526,81.03978021978023,13.02,1055.03,0.0,0.0,0.03531851876527071,"[1.1964006e-04 4.2868760e-01 1.0789600e-04 9.7571181e-08 4.8119382e-05
 2.1480984e-08 2.8212389e-08 1.6677434e-02 2.7925244e-08 6.7880183e-02
 4.8647898e-01]"
82200,0.0031115488919022027,2.138205738705739,3.8709621489621484,3.711962148962149,0.9682802197802198,83.27964590964592,13.02,1072.54,30.43,0.0,0.03203046873211861,"[2.40810768e-04 4.34933543e-01 1.16702715e-04 1.48220352e-07
 9.37594959e-05 1.79495984e-07 3.14133445e-07 1.38497381e-02
 4.29264816e-07 5.25607057e-02 4.98203695e-01]"
82300,0.0031245666500763036,3.88467032967033,3.88967032967033,3.88467032967033,1.0054945054945055,81.15708791208792,13.02,1056.58,0.0,0.0,0.031972599513828755,"[2.32506456e-04 4.34493154e-01 7.20915195e-05 1.02847835e-07
 7.00313394e-05 2.12463256e-08 5.23943413e-08 1.61449108e-02
 1.71903647e-08 5.41060120e-02 4.94881123e-01]"
82400,0.00490028741365677,3.773527472527473,3.7875274725274726,3.773527472527473,0.9965787545787547,80.55892673992673,13.06,1051.75,0.0,0.0,0.031954541243612765,"[2.5867982e-04 4.4069695e-01 1.3629501e-04 1.3432982e-07 5.4428448e-05
 1.8719250e-08 1.9322949e-08 1.3225718e-02 1.6214688e-08 5.2117568e-02
 4.9351025e-01]"
82500,0.002814903025064268,3.806593406593407,3.833956043956044,3.806593406593407,0.9935164835164835,80.52181318681319,13.08,1052.9,0.0,0.0,0.030761595480144024,"[1.19386626e-04 4.30981249e-01 1.50026666e-04 1.60811453e-07
 3.66619788e-05 2.50106496e-08 1.00518186e-07 1.81472432e-02
 4.73200501e-08 6.09595887e-02 4.89605516e-01]"
82600,0.004602218528452795,3.871538461538462,3.871538461538462,3.871538461538462,1.0199999999999998,80.53153846153846,13.0,1046.91,0.0,0.0,0.034061381109058854,"[1.5078603e-04 4.3853545e-01 1.2443642e-04 1.9679084e-07 7.5090422e-05
 1.8031844e-08 5.0001827e-08 1.2475949e-02 2.7070810e-08 6.2288951e-02
 4.8634902e-01]"
82700,0.005127099025703501,3.8722527472527473,3.8836813186813184,3.8722527472527473,1.0002747252747253,79.8882967032967,13.05,1042.37,0.0,0.0,0.03450733551755548,"[2.2400415e-04 4.4333485e-01 1.7128103e-04 3.1399830e-07 1.8718453e-04
 9.3438771e-08 1.0718130e-07 1.2250764e-02 3.6172374e-08 4.9602676e-02
 4.9422869e-01]"
82800,0.006500318875732773,3.782582417582418,3.796868131868132,3.782582417582418,1.0018131868131868,79.6993956043956,13.05,1039.89,0.0,0.0,0.03412116089835763,"[1.0759213e-04 4.4088688e-01 7.6278317e-05 1.3090063e-07 2.6755699e-05
 6.3195017e-08 7.7535674e-08 1.0718443e-02 3.8476461e-08 6.3770652e-02
 4.8441309e-01]"
82900,0.005223845980274291,-2.4151836913086924,3.8028261738261744,3.785397602397603,1.046235347985348,90.92602014652014,12.85,1051.26,34.43,0.0,0.03601926327683032,"[3.4437291e-04 4.4329083e-01 5.5442943e-05 1.8683643e-07 1.4306555e-04
 2.7752465e-08 2.5524674e-08 1.4339408e-02 2.5756805e-08 5.9285551e-02
 4.8254105e-01]"
83000,0.004018009550054558,2.7939120879120884,3.8072197802197807,3.794912087912089,1.004989010989011,82.00557142857141,12.96,1047.72,10.01,0.0,0.031221063854172827,"[3.6575997e-04 4.3860254e-01 5.8140999e-05 3.5437424e-07 3.9298029e-04
 3.9656186e-08 2.3851509e-08 1.4917231e-02 3.2216239e-08 5.2117802e-02
 4.9354506e-01]"
83100,0.0031220871569530573,3.671825091575091,3.754705128205128,3.686408424908425,0.9831501831501831,79.36567216117217,13.21,1047.36,0.36,0.0,0.03287212960422039,"[1.3821216e-04 4.3792835e-01 6.4363332e-05 1.8820862e-07 1.8586140e-04
 1.3201785e-07 1.7458072e-07 8.1258900e-03 8.8209681e-08 6.1977107e-02
 4.9157959e-01]"
83200,0.0033564790896343766,3.712472527472528,3.722802197802198,3.7132417582417583,1.0131868131868134,80.73247252747254,13.03,1051.8,0.02,0.0,0.02950977999716997,"[1.6581180e-04 4.3290770e-01 5.6577857e-05 4.9989275e-08 6.7666391e-05
 1.5290487e-08 1.8657209e-08 9.5796520e-03 1.6770350e-08 6.5810658e-02
 4.9141189e-01]"
83300,0.007314538006176008,3.5046474358974367,3.724820512820513,3.724820512820513,1.0977564102564101,81.7873717948718,12.96,1058.79,4.53,0.0,0.029521665647625924,"[2.1135618e-04 4.2858446e-01 5.7268804e-05 6.0241888e-08 4.2738637e-05
 1.9259318e-08 3.4430951e-08 9.2063770e-03 2.9242239e-08 6.4524315e-02
 4.9737334e-01]"
83400,0.004358195744662226,3.7539010989010984,3.7586813186813184,3.7558241758241757,1.1277472527472527,81.3141758241758,13.01,1057.85,0.05,0.0,0.03153878636658192,"[3.3040092e-04 4.2764926e-01 8.7368659e-05 2.9040481e-07 3.8058268e-05
 2.4638479e-07 1.4003413e-07 2.2026971e-02 6.9449897e-08 5.1484775e-02
 4.9838239e-01]"
83500,0.004477542275853921,3.759717948717949,3.823443223443224,3.7627948717948723,0.9851831501831502,79.51771794871796,13.16,1045.56,0.08,0.0,0.034758640266954896,"[1.3509993e-03 4.4330946e-01 1.2503901e-04 1.2680319e-07 5.4452612e-05
 9.5120690e-08 1.1642782e-07 1.7365022e-02 1.2839021e-07 5.6175958e-02
 4.8161861e-01]"
83600,0.0015405986062251031,3.160826465201464,3.856797619047618,3.7995009157509143,0.9860018315018315,79.68607692307693,13.13,1039.55,10.36,0.0,0.042278067376464605,"[2.76247878e-03 4.44695711e-01 1.17574215e-04 1.12170305e-07
 9.40413156e-05 3.06861523e-08 2.61399951e-08 1.52323022e-02
 4.74783128e-08 5.33526316e-02 4.83745009e-01]"
83700,0.0007097595899540466,2.3413559357309355,3.788471112221112,3.7670425407925405,0.9968818681318682,81.16571511821512,12.91,1027.26,16.1,0.0,0.04516148880124092,"[6.1214401e-04 4.4344959e-01 9.0211099e-05 3.6996261e-07 4.0954190e-05
 1.8778037e-07 2.6307566e-07 1.0668547e-02 7.7843801e-08 6.7332551e-02
 4.7780514e-01]"
83800,5.1910865295212716e-05,-1.2551098901098896,3.773076923076924,3.7545054945054948,1.0087362637362636,88.15648351648349,12.95,1025.48,10.13,0.0,0.04685015531256795,"[5.0166092e-04 4.4245684e-01 6.5306980e-05 1.2146725e-07 3.7251335e-05
 7.1497162e-08 6.2757913e-08 2.3722505e-02 3.3187614e-08 4.8966918e-02
 4.8424920e-01]"
